id,gender,masterCategory,subCategory,articleType,baseColour,season,year,usage,productDisplayName
14946,Men,Apparel,Topwear,Tshirts,Red,Fall,2011.0,Casual,Status Quo Men Stripes Red Tshirts
49835,Women,Footwear,Flip Flops,Flip Flops,White,Winter,2012.0,Casual,iPanema Women White Flip Flops
21506,Women,Accessories,Bags,Handbags,Black,Winter,2015.0,Casual,Kiara Women Sporty Look Black Handbag
25834,Women,Apparel,Topwear,Kurtas,White,Summer,2012.0,Ethnic,Diva Women Printed White Kurta
41172,Women,Apparel,Topwear,Shirts,Orange,Summer,2012.0,Casual,Allen Solly Woman Orange Shirt
19570,Men,Apparel,Topwear,Tshirts,Blue,Fall,2011.0,Casual,United Colors of Benetton Men Printed Blue TShirt
44967,Men,Accessories,Watches,Watches,White,Winter,2016.0,Casual,Maxima Men White Dial Watch
24344,Men,Apparel,Topwear,Tshirts,Blue,Fall,2011.0,Sports,ADIDAS Men Blue T-shirt
8448,Women,Apparel,Topwear,Tops,Grey,Fall,2011.0,Casual,Jealous 21 Women about my style Purple Top
19806,Men,Apparel,Topwear,Tshirts,Black,Winter,2016.0,Casual,U.S. Polo Assn. Men Solid Black Tshirt
3645,Men,Footwear,Shoes,Casual Shoes,Black,Summer,2011.0,Casual,Fila Men's Maverick HI Black Red Canvas Shoe
41790,Women,Apparel,Topwear,Tops,Magenta,Summer,2012.0,Casual,Remanika Women Magenta Top
49357,Men,Footwear,Shoes,Casual Shoes,Black,Summer,2012.0,Casual,Vans Men Black Casual Shoes
11954,Men,Footwear,Shoes,Casual Shoes,Black,Summer,2012.0,Casual,Ganuchi Men Casual Black Casual Shoes
11703,Men,Apparel,Topwear,Shirts,Blue,Fall,2011.0,Casual,Lee Men Check Shirt
17792,Men,Accessories,Socks,Socks,Grey,Summer,2016.0,Casual,Reid & Taylor Men Solid Grey Socks
56545,Women,Personal Care,Eyes,Mascara,Blue,Spring,2017.0,Casual,Streetwear Blue Mascara 02
2095,Men,Apparel,Topwear,Shirts,Blue,Winter,2010.0,Casual,Lee Men Light Blue Shirt
54571,Women,Apparel,Topwear,Kurtas,Green,Summer,2012.0,Ethnic,Sushilas Women Printed Green Kurta
1859,Men,Apparel,Topwear,Tshirts,Red,Summer,2011.0,Casual,Inkfruit Men Eye Opener T-shirt
47171,Men,Footwear,Sandal,Sandals,Black,Summer,2012.0,Casual,Ganuchi Men Black Sandals
19716,Men,Apparel,Topwear,Shirts,Blue,Fall,2011.0,Casual,United Colors of Benetton Men Solid Blue Shirt
36367,Men,Accessories,Ties,Ties,Red,Summer,2012.0,Formal,Reid & Taylor Men Red Tie
31694,Women,Apparel,Topwear,Kurtas,Green,Summer,2012.0,Ethnic,Folklore Women Printed Green Kurta
18133,Men,Apparel,Innerwear,Innerwear Vests,White,Summer,2016.0,Casual,Crusoe Men Square Neck Tee White Innerwear Vests
45014,Men,Accessories,Watches,Watches,Black,Winter,2016.0,Casual,Maxima Men Scuba Digital Watch
30917,Women,Apparel,Bottomwear,Trousers,Black,Summer,2012.0,Ethnic,Fabindia Women Black Harem Pants
41869,Men,Footwear,Sandal,Sandals,Yellow,Fall,2015.0,Casual,Estd. 1977 Men Yellow & Brown Sandals
15094,Women,Apparel,Topwear,Kurtas,Orange,Fall,2011.0,Ethnic,Mother Earth Women Printed Orange Kurtas
10690,Men,Apparel,Topwear,Tshirts,Yellow,Fall,2011.0,Casual,Doodle Boy Mummy daddy me Yellow Tshirts
20165,Men,Apparel,Topwear,Shirts,White,Fall,2011.0,Casual,Wrangler Men Biker White Shirt
24733,Men,Apparel,Topwear,Tshirts,Yellow,Summer,2011.0,Casual,United Colors of Benetton Men Yellow Printed T-shirt
47303,Women,Accessories,Bags,Clutches,Black,Fall,2012.0,Casual,Baggit Women Black Purse
36984,Women,Accessories,Bags,Clutches,Purple,Summer,2012.0,Casual,Lino Perros Women Purple Clutch
40760,Men,Accessories,Bags,Backpacks,Blue,Summer,2012.0,Casual,Quiksilver Men Blue & Black Backpack
6288,Unisex,Footwear,Flip Flops,Flip Flops,Red,Summer,2011.0,Casual,Puma Unisex Matrix Red White Flip Flop
9641,Men,Apparel,Topwear,Shirts,Purple,Fall,2011.0,Casual,Indigo Nation Men Checks Purple Shirts
24062,Men,Apparel,Topwear,Tshirts,Navy Blue,Summer,2012.0,Casual,Locomotive Men Navy Blue Printed T-shirt
45607,Men,Footwear,Shoes,Formal Shoes,Black,Summer,2012.0,Formal,Arrow Men Black Formal Shoes
48972,Women,Accessories,Jewellery,Ring,Silver,Summer,2012.0,Casual,Lucera Women Gold Ring
45103,Women,Apparel,Innerwear,Shapewear,Brown,Summer,2016.0,Casual,Bwitch Golden Brown Xtra Slim Shapewear
22877,Men,Footwear,Shoes,Casual Shoes,Olive,Summer,2012.0,Casual,Woodland Men Olive Casual Shoes
11918,Men,Footwear,Sandal,Sandals,Black,Summer,2011.0,Casual,Franco Leone Men Casual Black Sandals
14876,Women,Apparel,Bottomwear,Stockings,Grey,Summer,2011.0,Casual,United Colors of Benetton Women Solid Grey Stockings
15808,Men,Apparel,Innerwear,Briefs,Khaki,Summer,2016.0,Casual,Facit Men Trophy BKN Khaki Briefs
40155,Boys,Apparel,Bottomwear,Shorts,White,Summer,2012.0,Casual,Gini and Jony Boys Beach White Shorts
1757,Men,Apparel,Topwear,Tshirts,Black,Fall,2010.0,Sports,Lotto Men Polo Slate Black Rugby T-shirt
40540,Women,Accessories,Watches,Watches,White,Winter,2016.0,Casual,Titan Women White Dial Watch
11487,Men,Accessories,Watches,Watches,Black,Winter,2016.0,Sports,Puma Men Flux-M Black Red Black Watches
15189,Men,Apparel,Topwear,Tshirts,Green,Fall,2011.0,Casual,Arrow Sport Men Solid Green Polo Tshirts
2204,Men,Apparel,Topwear,Tshirts,Black,Fall,2010.0,Sports,ADIDAS Men Black Polo T-shirt
52443,Women,Apparel,Loungewear and Nightwear,Nightdress,Green,Winter,2015.0,Casual,Red Rose White & Green Nightdress
23717,Men,Accessories,Eyewear,Sunglasses,Gold,Winter,2016.0,Casual,Ray-Ban Men Aviator Sunglasses
2160,Men,Apparel,Topwear,Tshirts,Red,Spring,2011.0,Casual,Basics Men Red T-shirt
46874,Men,Accessories,Socks,Socks,White,Summer,2012.0,Casual,Lino Perros Men Pack of 2 Socks
34838,Men,Footwear,Shoes,Sports Shoes,Navy Blue,Summer,2012.0,Sports,ADIDAS Men Navy Blue CC Sports Shoes
12464,Men,Accessories,Stoles,Stoles,Cream,Fall,2011.0,Casual,Basics Men Cream-Coloured Checked Stoles
34038,Boys,Apparel,Topwear,Shirts,Red,Summer,2012.0,Casual,Gini and Jony Boys Check Red Shirt
28193,Men,Accessories,Eyewear,Sunglasses,Gold,Winter,2016.0,Casual,Ray-Ban Men Aviator Gold Sunglasses
46725,Men,Personal Care,Fragrance,Deodorant,Silver,Spring,2017.0,Casual,Rassasi Men Deo and Perfume
42922,Women,Accessories,Wallets,Wallets,Orange,Summer,2012.0,Casual,French Connection Women Orange Wallet
33726,Women,Accessories,Belts,Belts,Grey,Summer,2012.0,Casual,Pieces Women Grey Belt
25085,Men,Accessories,Wallets,Wallets,Black,Winter,2015.0,Casual,Lino Perros Men Black Wallet
9615,Men,Apparel,Topwear,Shirts,Red,Fall,2011.0,Casual,Indigo Nation Men Checks Red Shirts
30925,Women,Apparel,Bottomwear,Skirts,Black,Summer,2012.0,Ethnic,Fabindia Women Printed Black Ghera Skirt
15255,Women,Footwear,Shoes,Casual Shoes,White,Fall,2011.0,Casual,ADIDAS Originals Women Superstar 2 White Casual Shoes
25265,Women,Accessories,Bags,Handbags,Off White,Summer,2012.0,Casual,Lino Perros Women Leatherette Off White Handbag
4523,Men,Footwear,Shoes,Sports Shoes,Blue,Summer,2011.0,Sports,Puma Men's Faas Blue White Silver Red Shoe
7713,Men,Footwear,Shoes,Casual Shoes,Black,Summer,2012.0,Casual,Fila Men's Roller Black Silver Shoe
14650,Men,Apparel,Topwear,Tshirts,Blue,Fall,2011.0,Casual,Probase Men Face Print Blue Tshirts
6634,Men,Footwear,Shoes,Sports Shoes,Brown,Summer,2011.0,Sports,Nike Men's Air Endurance Brown Shoe
9376,Unisex,Accessories,Socks,Socks,Black,Fall,2011.0,Casual,Puma Unisex FTPA Black Socks
23785,Women,Accessories,Eyewear,Sunglasses,Black,Winter,2016.0,Casual,Oakley Women Black Beckon Sunglasses
17931,Men,Apparel,Bottomwear,Tights,Black,Summer,2012.0,Sports,Nike Men Training Black Tights
56250,Men,Apparel,Loungewear and Nightwear,Night suits,Grey Melange,Summer,2016.0,Casual,SDL by Sweet Dreams Men Grey Melange Pyjama Set
44718,Men,Footwear,Flip Flops,Flip Flops,White,Summer,2012.0,Casual,Lotto Men White Flip Flop
35305,Women,Accessories,Jewellery,Earrings,Purple,Winter,2016.0,Ethnic,Fabindia Women Ananya Purple Earrings
28993,Men,Apparel,Topwear,Tshirts,White,Summer,2012.0,Casual,Status Quo Men Striped White T-shirt
32163,Women,Accessories,Socks,Socks,Lavender,Summer,2017.0,Casual,Playboy Women Playmate Lavender Ankle Socks
16614,Men,Apparel,Bottomwear,Trousers,Brown,Fall,2011.0,Formal,Genesis Men Stripes Brown Trouser
49929,Women,Apparel,Saree,Sarees,Pink,Fall,2012.0,Ethnic,Fabindia Pink Sari Maheshwari Zari Saree
43504,Men,Apparel,Topwear,Tshirts,Black,Summer,2012.0,Casual,French Connection Men Black Tshirt
31408,Men,Apparel,Innerwear,Innerwear Vests,Black,Summer,2016.0,Casual,Spykar Men Black Innerwear Vest
51734,Women,Accessories,Eyewear,Sunglasses,Grey,Winter,2016.0,Casual,Allen Solly Women Sunglasses AH218-C1
3942,Women,Apparel,Topwear,Tshirts,Purple,Summer,2011.0,Casual,Jealous 21 Women's Purple T-shirt
7764,Men,Apparel,Topwear,Tshirts,Black,Fall,2011.0,Casual,Inkfruit Men's Night Rider Black Yellow Orange T-shirt
23089,Men,Apparel,Bottomwear,Trousers,Beige,Fall,2011.0,Casual,Arrow Men Beige Trousers
7565,Men,Apparel,Topwear,Tshirts,Grey,Summer,2011.0,Sports,Nike Men's Grey Polo T-Shirt
22905,Men,Apparel,Bottomwear,Trousers,Charcoal,Summer,2011.0,Formal,Mark Taylor Men Black Striped Trousers
44311,Men,Apparel,Topwear,Shirts,Navy Blue,Summer,2012.0,Casual,Indian Terrain Men Navy Blue Check Shirt
44124,Women,Personal Care,Fragrance,Perfume and Body Mist,Black,Spring,2017.0,Casual,Hugo Women Deep Red Perfume
5883,Unisex,Footwear,Shoes,Casual Shoes,Orange,Summer,2011.0,Casual,Converse Unisex Speciality Ox Rust Shoe
20281,Women,Footwear,Shoes,Heels,Pink,Winter,2015.0,Casual,Catwalk Women Casual Pink Flats
10323,Women,Accessories,Bags,Handbags,Black,Winter,2015.0,Casual,Murcia Women Lambretta Green Black Handbags
17615,Boys,Apparel,Topwear,Tshirts,White,Fall,2011.0,Casual,Doodle Boys living Upto White Tshirt
47049,Women,Apparel,Bottomwear,Salwar,Purple,Fall,2012.0,Ethnic,Shree Women Red & Blue Jodhpuri Salwar
37052,Women,Accessories,Belts,Belts,Brown,Summer,2012.0,Casual,Lino Perros Women Brown Belt
58214,Women,Apparel,Bottomwear,Patiala,Multi,Fall,2012.0,Ethnic,Shree Women Brown Printed Patiala
42330,Women,Apparel,Saree,Sarees,Multi,Summer,2012.0,Ethnic,Prafful Multicoloured Crepe Printed Saree
35910,Women,Accessories,Bags,Handbags,Brown,Summer,2012.0,Casual,Peperone Women Brown Handbag
54482,Men,Apparel,Innerwear,Briefs,Olive,Summer,2016.0,Casual,Hanes Men Pack of Two Premium Bikini Briefs
13205,Women,Footwear,Shoes,Sports Shoes,Grey,Spring,2012.0,Sports,ASICS Women Gel 1160 Running Grey Sports Shoes
40017,Unisex,Accessories,Socks,Socks,White,Summer,2012.0,Casual,ADIDAS Unisex White Adicrew Socks
55047,Women,Personal Care,Lips,Lipstick,Red,Spring,2017.0,Casual,Lakme Enrich Satins 152
13732,Men,Apparel,Topwear,Shirts,Red,Fall,2011.0,Casual,Belmonte Men Check Red Shirts
56858,Men,Footwear,Flip Flops,Flip Flops,Black,Summer,2012.0,Casual,United Colors of Benetton Men Black Flip Flops
41777,Women,Apparel,Topwear,Tops,Pink,Summer,2012.0,Casual,Remanika Women Pink Top
55630,Women,Footwear,Shoes,Heels,Brown,Winter,2015.0,Casual,Catwalk Women Brown Sandals
43879,Men,Footwear,Shoes,Casual Shoes,Beige,Summer,2012.0,Casual,Puma Men Beige Terrae Mid Africa Shoes
57981,Women,Apparel,Topwear,Shirts,Red,Summer,2010.0,Casual,Latin Quarters Women Red Check Shirt
7489,Women,Apparel,Bottomwear,Capris,Black,Summer,2011.0,Sports,Nike Women As Be Strong Black Capri
24906,Boys,Apparel,Topwear,Tshirts,Pink,Summer,2012.0,Casual,United Colors of Benetton Kids Boys Pink Printed T-shirt
13280,Women,Footwear,Shoes,Heels,Multi,Winter,2012.0,Casual,Inc 5 Women Casual Multi Flats
32575,Women,Apparel,Topwear,Tops,White,Summer,2012.0,Casual,ONLY Women Katie White Top
14615,Men,Accessories,Socks,Socks,Grey,Summer,2011.0,Casual,United Colors of Benetton Men Pack of 2 Grey Socks
59466,Women,Accessories,Jewellery,Ring,Silver,Summer,2015.0,Casual,Lucera Silver Ring
5202,Men,Apparel,Topwear,Tshirts,Green,Summer,2011.0,Casual,Marvel Men's Hulk Big Face Light Green T-shirt
37260,Unisex,Accessories,Bags,Waist Pouch,Olive,Summer,2012.0,Casual,Vital Gear Unisex Olive Waist Pouch
59097,Women,Apparel,Innerwear,Bra,Lavender,Summer,2017.0,Casual,Peri Peri Women Lavender Bra
16631,Men,Apparel,Topwear,Tshirts,Charcoal,Summer,2016.0,Casual,Facit Men Smart  Charcoal Tshirt
27757,Men,Accessories,Wallets,Wallets,Brown,Winter,2015.0,Casual,Bulchee Men Brown Wallet
15899,Unisex,Footwear,Shoes,Casual Shoes,Orange,Winter,2012.0,Casual,Warner Bros Kids Unisex TJ Happy Canvas Orange Casual Shoes
58179,Women,Accessories,Bags,Handbags,Blue,Summer,2012.0,Casual,Rocky S Women Blue Handbag
37051,Women,Accessories,Belts,Belts,Black,Summer,2012.0,Casual,Lino Perros Women Black Belt
53159,Men,Apparel,Topwear,Shirts,White,Summer,2012.0,Formal,Mark Taylor Men White Striped Shirt
51594,Women,Apparel,Bottomwear,Jeggings,Blue,Summer,2012.0,Casual,Wrangler Women Blue Jeggings
26561,Men,Footwear,Shoes,Casual Shoes,Black,Fall,2012.0,Casual,Lee Cooper Men Black Shoes
17639,Women,Accessories,Scarves,Scarves,Black,Fall,2011.0,Casual,Puma Women Darsey Black Scarf
56512,Women,Personal Care,Lips,Lipstick,Mauve,Spring,2017.0,Casual,Streetwear Lusicious Lips Classy Mauve Lipcolor 17
13655,Men,Footwear,Sandal,Sandals,Red,Fall,2011.0,Casual,ADIDAS Red WhirItech Slide M Sandal
6840,Unisex,Accessories,Shoe Accessories,Shoe Accessories,Brown,Summer,2011.0,,Timberland Unisex Dry Cleaning Shoe Kit
42290,Girls,Apparel,Bottomwear,Skirts,Pink,Summer,2012.0,Casual,Gini and Jony Girls Pink Skirt
27521,Women,Footwear,Shoes,Heels,White,Winter,2015.0,Casual,Catwalk Women White Heels
53040,Women,Apparel,Saree,Sarees,Multi,Fall,2012.0,Ethnic,FNF Multi Coloured Printed Sari
57967,Women,Apparel,Saree,Sarees,Green,Fall,2012.0,Ethnic,Prafful Green Printed Sari
7770,Unisex,Accessories,Socks,Socks,Beige,Summer,2011.0,Sports,Nike Unisex Beige Socks
46251,Women,Apparel,Topwear,Tunics,Mustard,Summer,2012.0,Casual,Fusion Beats Women Mustard Printed Tunic
27107,Women,Apparel,Topwear,Kurtas,Black,Summer,2012.0,Ethnic,Aneri Women Khajana Black Kurta
28386,Men,Accessories,Eyewear,Sunglasses,Black,Winter,2016.0,Casual,Idee Men Black Sunglasses
26648,Men,Footwear,Shoes,Casual Shoes,Black,Summer,2012.0,Casual,Puma Men Racer Black Shoes
13390,Men,Apparel,Topwear,Shirts,Blue,Summer,2011.0,Casual,United Colors of Benetton Men Check Blue Shirts
55080,Women,Personal Care,Makeup,Compact,Skin,Spring,2017.0,Casual,Lakme Pearl Nine to Five Flawless Creme Compact
48130,Women,Accessories,Bags,Handbags,Black,Winter,2016.0,Casual,Fossil Women Black Handbag
11680,Men,Apparel,Topwear,Shirts,Red,Fall,2011.0,Casual,Lee Men Check Red Shirts
57100,Women,Apparel,Topwear,Tops,Pink,Summer,2012.0,Casual,Elle Women Dark Pink Top
11375,Women,Apparel,Topwear,Shirts,White,Fall,2011.0,Casual,United Colors Of Benetton Women Winter White Shirt
7132,Women,Apparel,Topwear,Tshirts,Green,Fall,2011.0,Casual,Urban Yoga Women's Green T-shirt
34799,Men,Accessories,Belts,Belts,Beige,Summer,2012.0,Casual,Flying Machine Men Woven Beige Belt
18524,Women,Apparel,Topwear,Jackets,Black,Fall,2011.0,Casual,C Vox Women Solid 1351 Black Jacket
14865,Women,Accessories,Wallets,Wallets,Black,Summer,2011.0,Casual,United Colors of Benetton Women Solid Black Wallets
32372,Unisex,Accessories,Watches,Watches,Red,Winter,2016.0,Casual,Q&Q Unisex White Dial Watch
34915,Women,Apparel,Topwear,Dupatta,Cream,Summer,2012.0,Ethnic,Fabindia Women Cream Dupatta
15544,Women,Footwear,Shoes,Heels,Black,Winter,2015.0,Casual,Catwalk Women Casual Black Heels
27106,Women,Apparel,Topwear,Kurtas,Yellow,Summer,2012.0,Ethnic,Aneri Women Shruti Yellow Kurta
25220,Women,Accessories,Bags,Handbags,Purple,Winter,2015.0,Casual,Lino Perros Women Leatherette Purple Handbag
16961,Men,Accessories,Eyewear,Sunglasses,Black,Winter,2016.0,Casual,Image Men Sunglasses
59679,Women,Apparel,Innerwear,Briefs,Khaki,Summer,2014.0,Casual,Avirate Black & Khaki Brief
58194,Women,Accessories,Bags,Handbags,Black,Summer,2012.0,Casual,Puma Women Black Handbag
9685,Men,Apparel,Bottomwear,Shorts,White,Fall,2011.0,Casual,ADIDAS Men Cress 3s3 4 Pan White Capris
54955,Men,Apparel,Topwear,Tshirts,Blue,Summer,2015.0,Casual,Do U Speak Green Men Blue T-Shirt
40756,Women,Footwear,Flip Flops,Flip Flops,Multi,Winter,2012.0,Casual,Roxy Women Multi Coloured Flip Flops
11659,Women,Apparel,Topwear,Tshirts,White,Fall,2011.0,Casual,Lee Women Printed White Tshirts
26881,Women,Apparel,Topwear,Tshirts,Peach,Summer,2012.0,Casual,Jealous 21 Women Pink T-shirt
42844,Women,Accessories,Bags,Handbags,Black,Summer,2012.0,Casual,French Connection Women Black Handbag
46841,Girls,Footwear,Shoes,Casual Shoes,Pink,Winter,2012.0,Casual,Barbie Girls Pink Shoes
38551,Men,Footwear,Sandal,Sandals,Black,Summer,2012.0,Casual,Puma Men Black Sandals
45133,Men,Accessories,Watches,Watches,Silver,Winter,2016.0,Casual,Casio Enticer Men Silver Analogue Watches (A358) MTP-1235D-7ADF
38028,Women,Accessories,Watches,Watches,Lavender,Winter,2016.0,Casual,Q&Q Attractive Women Lavender Dial Watch
13811,Men,Accessories,Mufflers,Mufflers,Maroon,Summer,2016.0,Casual,Proline Maroon Checked Muffler
40697,Men,Footwear,Flip Flops,Flip Flops,Grey,Summer,2012.0,Casual,Numero Uno Men Grey Flip Flop
38938,Boys,Apparel,Bottomwear,Shorts,Blue,Summer,2012.0,Casual,Gini and Jony Boys Blue Shorts
36129,Men,Accessories,Wallets,Wallets,Black,Summer,2012.0,Casual,OTLS Men Laurel Black Wallet
59694,Women,Apparel,Innerwear,Briefs,Black,Summer,2014.0,Casual,Avirate Black Brief
33661,Men,Footwear,Flip Flops,Flip Flops,Black,Summer,2012.0,Casual,Lotto Men Caesar Slide Black Flip Flops
5947,Men,Apparel,Topwear,Shirts,Black,Summer,2011.0,Casual,Locomotive Men Black Checked Shirt
40134,Boys,Apparel,Topwear,Shirts,Black,Summer,2012.0,Casual,Gini and Jony Boys Check Black Shirt
30612,Boys,Apparel,Topwear,Tshirts,Red,Summer,2012.0,Sports,Nike Boys Printed Red T-shirt
55295,Women,Personal Care,Lips,Lip Gloss,Pink,Spring,2017.0,Casual,Lakme Absolute Berryshine Plump & Shine Lip Gloss
11576,Women,Apparel,Topwear,Kurtis,Cream,Summer,2011.0,Ethnic,W Women Printed Cream Kurtis
39524,Unisex,Accessories,Bags,Laptop Bag,Orange,Summer,2012.0,Casual,Peter England Unisex Orange Sleeve Bag
30785,Men,Apparel,Topwear,Kurtas,Blue,Summer,2012.0,Ethnic,Fabindia Men Printed Blue Kurta
43205,Men,Accessories,Watches,Watches,Grey,Winter,2016.0,Casual,Fastrack Men Grey Dial Watch
48657,Women,Accessories,Jewellery,Earrings,Silver,Summer,2012.0,Casual,Lucera Women Silver Earrings
46215,Men,Footwear,Shoes,Sports Shoes,Orange,Summer,2012.0,Sports,ADIDAS Men Orange Sports Shoes
41756,Girls,Apparel,Topwear,Tops,Pink,Summer,2012.0,Casual,Doodle Girls Pink Top
18048,Women,Accessories,Wallets,Wallets,Grey,Winter,2015.0,Casual,Lino Perros Women Sequin Grey Wallet
8625,Unisex,Accessories,Eyewear,Sunglasses,Black,Winter,2016.0,Casual,Fastrack Unisex Sunglasses
30013,Men,Accessories,Watches,Watches,Black,Winter,2016.0,Casual,Kenneth Cole Men Black Dial Chronograph Watch
53776,Men,Apparel,Bottomwear,Shorts,Green,Summer,2012.0,Casual,Puma Men Green Shorts
43516,Women,Apparel,Topwear,Tops,Orange,Summer,2012.0,Casual,French Connection Women Orange Top
24337,Men,Apparel,Topwear,Tshirts,Red,Fall,2011.0,Casual,ADIDAS Men Red T-shirt
21316,Women,Accessories,Eyewear,Sunglasses,Brown,Winter,2016.0,Casual,Celine Dion Women Brown Frame Sunglasses
36875,Men,Apparel,Topwear,Tshirts,Orange,Summer,2012.0,Casual,Spykar Men Cult Orange T-shirt
52111,Women,Apparel,Topwear,Kurtis,White,Summer,2012.0,Ethnic,Myntra Women White Printed Kurti
36564,Women,Personal Care,Fragrance,Deodorant,Purple,Spring,2017.0,Casual,United Colors of Benetton Women Deo
34630,Men,Footwear,Shoes,Sports Shoes,White,Summer,2012.0,Sports,Lotto Men White Basketball Mid II Sports Shoes
18809,Men,Accessories,Belts,Belts,Olive,Summer,2011.0,Casual,Peter England Men Casual Olive Belt
51044,Women,Apparel,Loungewear and Nightwear,Baby Dolls,Navy Blue,Summer,2017.0,,Enamor Women Navy Blue Baby Doll Nightdress
57321,Women,Apparel,Innerwear,Bra,Blue,Winter,2015.0,Casual,Amante Women Blue Full-Coverage Lace Bra BCFR11
51681,Men,Accessories,Eyewear,Sunglasses,Grey,Winter,2016.0,Casual,Louis Philippe Men Aviator Sunglasses LP208-C2
5343,Women,Footwear,Shoes,Casual Shoes,Blue,Winter,2015.0,Casual,Skechers Women Blue Teal Shoe
51031,Women,Apparel,Innerwear,Bra,White,Summer,2017.0,Casual,Enamor White Bra
29309,Men,Apparel,Topwear,Tshirts,Grey,Summer,2012.0,Casual,Wrangler Men Bull Rider Grey T-shirt
7796,Men,Apparel,Topwear,Tshirts,Grey,Fall,2011.0,Casual,Proline Men Grey Polo T-shirt
17073,Women,Accessories,Belts,Belts,Brown,Winter,2015.0,Casual,Lino Perros Women Weaved  Brown Belt
36227,Men,Footwear,Shoes,Casual Shoes,Brown,Summer,2012.0,Casual,Nike Men Air Ralston Mid Lite Brown Shoes
23776,Men,Accessories,Eyewear,Sunglasses,Black,Winter,2016.0,Casual,Oakley Men Black Ducati Sunglasses
24473,Men,Footwear,Shoes,Sports Shoes,White,Fall,2011.0,Sports,ADIDAS Men White Falcon Lea Sports Shoes
28948,Women,Apparel,Topwear,Kurtas,White,Summer,2012.0,Ethnic,BIBA Women Ethnic White Kurta
4682,Men,Accessories,Bags,Backpacks,Black,Summer,2011.0,Sports,ADIDAS Men Lfc Black Red Backpack
11637,Men,Accessories,Watches,Watches,Black,Winter,2016.0,Casual,Puma Men Slim Pedal Rose Gold Black Watches
44429,Men,Footwear,Shoes,Formal Shoes,Black,Summer,2013.0,Formal,Gliders Men Black Formal Shoes
52916,Women,Apparel,Saree,Sarees,Black,Summer,2012.0,Ethnic,FNF Printed Black Sari
44382,Men,Personal Care,Fragrance,Deodorant,Green,Spring,2017.0,Casual,ADIDAS Men Pure Game Deo
18674,Men,Footwear,Shoes,Sports Shoes,White,Fall,2011.0,Sports,Fila Men Sterling White Sports shoes
13461,Men,Apparel,Topwear,Shirts,Black,Summer,2011.0,Casual,United Colors of Benetton Men Check Black Shirts
55230,Women,Personal Care,Makeup,Foundation and Primer,Skin,Spring,2017.0,Casual,Lakme Perfect Radiance Intense Whitening Golden Medium Foundation 03
28890,Women,Apparel,Innerwear,Briefs,Pink,Summer,2012.0,Casual,Enamor Women Dark Pink Regular-Rise Bikini Brief
18521,Women,Apparel,Topwear,Sweatshirts,Black,Summer,2015.0,Casual,C Vox Women Solid 1355 Black Sweatshirt
38529,Men,Footwear,Shoes,Sports Shoes,Black,Summer,2012.0,Sports,Puma Men Black Sports Shoes
42396,Women,Apparel,Topwear,Tshirts,Grey,Summer,2012.0,Casual,Flying Machine Women Grey T-shirt
4526,Men,Footwear,Shoes,Sports Shoes,Black,Summer,2011.0,Sports,Puma Men's Tergament Black Beige Silver Shoe
6808,Women,Footwear,Shoes,Casual Shoes,Yellow,Summer,2011.0,Casual,Timberland Women's Prem Wheat Yellow Shoe
40311,Unisex,Footwear,Sandal,Sandals,Pink,Winter,2013.0,Casual,Warner Bros Kids Unisex Pink Sandals
38456,Women,Accessories,Bags,Handbags,Orange,Summer,2015.0,Casual,Baggit Women Orange Tinki Tower Sling Bag
29154,Women,Apparel,Topwear,Tops,Blue,Summer,2012.0,Casual,United Colors of Benetton Women Blue Top
36260,Men,Apparel,Loungewear and Nightwear,Night suits,Grey,Summer,2016.0,Casual,SDL by Sweet Dreams Men Grey & Black Pyjama Set
30308,Men,Apparel,Topwear,Tshirts,Off White,Summer,2012.0,Casual,Myntra Men Royal Off White T-shirt
14932,Men,Apparel,Bottomwear,Shorts,Black,Fall,2011.0,Casual,Status Quo Men Check Black Shorts
34574,Women,Apparel,Topwear,Tops,Black,Summer,2012.0,Casual,Tonga Women Printed Black Top
18312,Men,Apparel,Topwear,Sweaters,Grey,Summer,2011.0,Casual,Wills Sport Men Grey Striped Sweater
21743,Unisex,Footwear,Shoes,Casual Shoes,Black,Spring,2012.0,Casual,Vans Unisex Classic Slip-On Black Casual Shoes
37556,Girls,Accessories,Gloves,Gloves,Green,Summer,2012.0,Casual,Madagascar 3 Infant Girls Light Green Mittens
21167,Women,Apparel,Topwear,Tops,Black,Fall,2011.0,Casual,s.Oliver Women Solid Black Top
33215,Women,Apparel,Topwear,Tops,Off White,Summer,2012.0,Casual,Sepia Women Off White Top
47534,Women,Footwear,Shoes,Flats,Turquoise Blue,Winter,2012.0,Ethnic,Portia Women Turquoise Blue & Gold Flats
9789,Women,Apparel,Topwear,Tshirts,Purple,Fall,2011.0,Sports,Puma Women Opulence Logo Plus Purple T-Shirts
25984,Women,Personal Care,Fragrance,Deodorant,Purple,Spring,2017.0,Casual,J.Del Pozo Halloween Women Deo
29020,Men,Apparel,Bottomwear,Track Pants,Grey,Summer,2013.0,Sports,ADIDAS Men Grey Track Pants
32425,Men,Apparel,Topwear,Tshirts,White,Fall,2012.0,Sports,ADIDAS Men White Polo T-shirt
20945,Men,Footwear,Flip Flops,Flip Flops,Blue,Fall,2011.0,Casual,ADIDAS Men Plugged In Blue Flip Flops
45323,Women,Footwear,Shoes,Heels,Brown,Summer,2016.0,Casual,Cobblerz Women Teal Blue & Brown Wedges
33051,Women,Apparel,Topwear,Tops,Cream,Summer,2012.0,Ethnic,Mother Earth Women Printed Cream Top
25947,Women,Accessories,Scarves,Scarves,Brown,Summer,2012.0,Casual,Femella Women Brown Scarf
31410,Men,Apparel,Innerwear,Innerwear Vests,White,Summer,2016.0,Casual,Spykar Men White Innerwear Vest
47555,Women,Footwear,Shoes,Heels,White,Winter,2012.0,Casual,Portia Women White Heels
33507,Women,Apparel,Bottomwear,Capris,White,Summer,2012.0,Casual,Doodle Kids Girl  White Capris
24045,Men,Apparel,Topwear,Tshirts,Red,Fall,2011.0,Casual,Locomotive Men Printed Red T-shirt
6817,Men,Footwear,Flip Flops,Flip Flops,Blue,Summer,2011.0,Casual,Timberland Men Blue Thong Flip Flops
30855,Women,Apparel,Topwear,Kurtas,Blue,Summer,2012.0,Ethnic,Fabindia Women Blue Kurta
19372,Men,Footwear,Shoes,Formal Shoes,Brown,Winter,2018.0,Formal,Redtape Men Brown Formal Shoes
16881,Women,Accessories,Eyewear,Sunglasses,Brown,Winter,2016.0,Casual,Police Women Casual Brown Sunglasses
23202,Men,Apparel,Topwear,Shirts,Brown,Fall,2011.0,Casual,Highlander Men Brown Check Shirt
50962,Women,Apparel,Bottomwear,Jeans,Blue,Winter,2011.0,Casual,Lee Womens Blue Maxi Fit Jeans
4605,Women,Accessories,Bags,Backpacks,Green,Winter,2015.0,Casual,Wildcraft Women Green Wiki Backpack
9368,Men,Accessories,Socks,Socks,White,Fall,2011.0,Casual,Puma Men Ftpa White Socks
45643,Men,Apparel,Innerwear,Briefs,White,Summer,2016.0,Casual,Park Avenue Men White Fashion Brief
34136,Men,Accessories,Wallets,Wallets,Black,Summer,2012.0,Casual,Turtle Men Leather Black Wallet
51256,Men,Accessories,Belts,Belts,Brown,Summer,2012.0,Formal,Park Avenue Men Brown Belt
13394,Men,Apparel,Topwear,Shirts,White,Summer,2011.0,Casual,United Colors of Benetton Men Check White Shirts
56721,Men,Footwear,Shoes,Casual Shoes,Black,Summer,2014.0,Casual,Converse Men Black Shoes
17447,Men,Accessories,Watches,Watches,Black,Winter,2016.0,Casual,CASIO ENTICER Men Black Dial Analogue Watch BS119
57793,Women,Personal Care,Makeup,Compact,Skin,Spring,2017.0,,Lotus Herbals Natural Blend Botanical Compact 550
9374,Unisex,Accessories,Socks,Socks,Blue,Fall,2011.0,Casual,Puma Unisex Foundation Blue Socks
51362,Women,Apparel,Bottomwear,Jeans,Blue,Summer,2012.0,Casual,Spykar Women Blue Jeans
39175,Women,Apparel,Topwear,Kurtas,Orange,Summer,2012.0,Ethnic,Aneri Women Orange Printed Kurta
13697,Unisex,Accessories,Bags,Backpacks,Red,Fall,2011.0,Casual,Puma Unisex Black Backpack
12139,Women,Apparel,Topwear,Kurtas,Purple,Fall,2011.0,Ethnic,Aurelia Women Solid Purple Kurtas
27373,Men,Apparel,Topwear,Tshirts,Purple,Fall,2011.0,Casual,Tantra Men Blood Test Purple T-shirt
6398,Men,Footwear,Sandal,Sandals,Black,Summer,2011.0,Casual,Lotto Men Rebel Black Floater
20594,Women,Accessories,Wallets,Wallets,Purple,Winter,2015.0,Casual,Baggit Women Kungfu Baby Purple Wallet
48401,Men,Apparel,Topwear,Tshirts,Cream,Summer,2012.0,Casual,French Connection Men Cream T-shirt
10867,Men,Apparel,Topwear,Tshirts,Navy Blue,Fall,2011.0,Casual,Wrangler Men Navy Blue Tough Service Navy T-shirt
16992,Women,Accessories,Belts,Belts,Black,Summer,2011.0,Casual,Puma Women Dizzy  Black Belt
47242,Men,Footwear,Shoes,Casual Shoes,Brown,Summer,2013.0,Casual,Playboy Men Brown Check Canvas Shoes
44593,Men,Accessories,Belts,Belts,Black,Summer,2012.0,Formal,Van Heusen Men Black and Brown Reversible Belt
6758,Men,Apparel,Topwear,Tshirts,Red,Summer,2011.0,Casual,Timberland Men's Linear Logo Red T-shirt
33361,Men,Footwear,Shoes,Formal Shoes,Black,Summer,2012.0,Formal,Homme Men Black Formal Shoes
37622,Boys,Apparel,Topwear,Tshirts,Red,Summer,2012.0,Casual,Madagascar3 Boys Red Printed T-Shirt
37566,Girls,Apparel,Topwear,Tshirts,Pink,Summer,2012.0,Casual,Madagascar3 Infant Girls Pink  T-Shirt
32557,Men,Footwear,Shoes,Casual Shoes,Red,Summer,2013.0,Casual,Playboy Men Red Shoes
49117,Women,Personal Care,Lips,Lipstick,Red,Spring,2017.0,Casual,Deborah Red 24 Power 05 Lipstick
22706,Women,Footwear,Shoes,Sports Shoes,White,Fall,2011.0,Sports,Nike Women White Capri II Sports Shoes
33542,Women,Apparel,Topwear,Tops,Yellow,Summer,2012.0,Casual,Wrangler Women Suzan Yellow Top
8186,Men,Apparel,Topwear,Shirts,Grey,Summer,2011.0,Casual,Locomotive Men Check Lai Grey Shirts
45137,Women,Accessories,Watches,Watches,Black,Winter,2016.0,Smart Casual,CASIO Enticer Women Black Dial Watch A376 LTP-2037A-1CDF
29769,Men,Apparel,Topwear,Shirts,Red,Summer,2012.0,Casual,Wrangler Men American Flag Red Shirt
17621,Girls,Apparel,Bottomwear,Leggings,Pink,Fall,2011.0,Casual,Doodle Girls Lace Bow LT.Pink Leggings
48693,Women,Accessories,Jewellery,Earrings,Silver,Summer,2012.0,Casual,Lucera Women Silver Earrings
12067,Women,Apparel,Topwear,Kurtas,Grey,Fall,2011.0,Ethnic,W Women Grey Printed Kurta
13567,Men,Apparel,Innerwear,Innerwear Vests,Black,Summer,2016.0,Casual,Hanes Men Racer Back Black Innerwear Vests
37199,Boys,Apparel,Bottomwear,Shorts,Blue,Summer,2012.0,Casual,United Colors of Benetton Boys Check Blue Shorts
37794,Men,Apparel,Topwear,Shirts,Brown,Summer,2012.0,Formal,John Players Men Stripes Brown Shirt
50341,Women,Apparel,Topwear,Kurtas,Rust,Summer,2012.0,Ethnic,Aurelia Women Rust Kurta
34076,Women,Footwear,Shoes,Flats,White,Fall,2012.0,Casual,Clarks Women White Leather Ballerinas
49407,Men,Footwear,Shoes,Casual Shoes,Brown,Summer,2012.0,Casual,Vans Men Brown Shoes
47091,Boys,Footwear,Flip Flops,Flip Flops,Yellow,Fall,2012.0,Casual,Marvel Boys Yellow and Orange Slippers
54391,Women,Accessories,Bags,Handbags,Blue,Summer,2012.0,Casual,Baggit Women Blue Handbag
5181,Men,Apparel,Topwear,Tshirts,Grey,Summer,2011.0,Casual,Jimi Hendrix Men's Pop Festival Dark Grey T-shirt
43182,Men,Accessories,Watches,Watches,Black,Winter,2016.0,Casual,Fastrack Men Black Dial Watch
25865,Unisex,Accessories,Bags,Backpacks,Blue,Winter,2015.0,Casual,American Tourister Unisex Blue Backpack
57708,Women,Personal Care,Lips,Lip Liner,Red,Spring,2017.0,Casual,Lotus Herbals Seduction Red Fire Lip Contour Definer 52
12104,Women,Apparel,Topwear,Kurtis,Brown,Fall,2011.0,Ethnic,W Women Printed Brown Kurtis
51466,Men,Apparel,Topwear,Tshirts,Green,Summer,2012.0,Casual,Denizen Men Green Printed T-shirt
5678,Men,Footwear,Shoes,Casual Shoes,Brown,Winter,2015.0,Casual,Skechers Men's Slip On Dark Brown Shoe
45631,Men,Apparel,Innerwear,Briefs,White,Summer,2016.0,Casual,Park Avenue Men White Briefs
22857,Men,Footwear,Shoes,Casual Shoes,Khaki,Summer,2012.0,Casual,Woodland Men Khaki Casual Shoes
38159,Women,Accessories,Eyewear,Sunglasses,Brown,Winter,2016.0,Casual,Miami Blues Women Brown Sunglasses
32926,Men,Apparel,Topwear,Tshirts,Purple,Summer,2012.0,Casual,Status Quo Men Printed Purple T-shirt
33895,Men,Accessories,Watches,Watches,Black,Winter,2016.0,Casual,Citizen Men Black Dial Watch
24541,Women,Apparel,Topwear,Kurtas,Blue,Fall,2011.0,Ethnic,Mother Earth Women Blue Printed Kurta
17553,Men,Apparel,Topwear,Shirts,Grey,Fall,2011.0,Formal,Mark Taylor Men Grey & White Striped Shirt
15298,Unisex,Accessories,Bags,Duffel Bag,Blue,Fall,2011.0,Casual,ADIDAS Originals Unisex Holdall CB Blue Duffle Bag
14600,Men,Accessories,Socks,Socks,White,Summer,2011.0,Casual,United Colors of Benetton Men Pack of 2 White Socks
12445,Men,Accessories,Wallets,Wallets,Black,Fall,2011.0,Casual,Timberland Men Casual Black Wallets
55524,Women,Personal Care,Makeup,Highlighter and Blush,Skin,Spring,2017.0,Casual,Revlon Skinlights Natural Light Face Illuminator 01
10017,Women,Apparel,Topwear,Jackets,Blue,Fall,2011.0,Sports,Nike Women As The Windru Blue Jackets
21399,Men,Apparel,Topwear,Tshirts,Grey,Fall,2011.0,Casual,Locomotive Men Printed Grey T-shirt
34172,Boys,Apparel,Topwear,Tshirts,Yellow,Summer,2012.0,Casual,Gini and Jony Boys Printed Yellow T-shirt
13298,Men,Apparel,Bottomwear,Shorts,White,Fall,2011.0,Casual,Gini and Jony Men Solid White Shorts
24698,Men,Apparel,Topwear,Shirts,White,Fall,2011.0,Casual,Probase Men White Check Shirt
45010,Men,Accessories,Watches,Watches,Steel,Winter,2016.0,Casual,Maxima Men Steel Dial Digital Multifunction Watch
3689,Men,Footwear,Shoes,Sports Shoes,White,Summer,2011.0,Sports,Lotto Men's Melbourne White Gravity Shoe
12635,Men,Apparel,Topwear,Tshirts,Yellow,Fall,2011.0,Casual,Probase Men Printed Yellow Tshirts
22582,Men,Apparel,Topwear,Tshirts,Blue,Fall,2011.0,Casual,Nike Men Blue T-shirt
20733,Women,Footwear,Shoes,Heels,Grey,Summer,2012.0,Casual,Enroute Women Grey Heels
4097,Men,Apparel,Topwear,Tshirts,Red,Fall,2010.0,Sports,Nike Men's Team Poly Red T-shirt
55222,Women,Personal Care,Lips,Lip Liner,Brown,Spring,2017.0,Casual,Lakme Perfect Defination Walnut Lipliner 02
37743,Men,Apparel,Topwear,Shirts,Grey,Summer,2012.0,Casual,John Players Men Stripes Grey Shirt
33287,Men,Apparel,Topwear,Tshirts,Red,Summer,2012.0,Casual,Arrow Sport Men Striped Red Polo T-shirt
2899,Women,Footwear,Shoes,Heels,Gold,Winter,2015.0,Casual,Catwalk Women Wedding Collection Gold Heels
1622,Men,Apparel,Topwear,Jackets,Navy Blue,Summer,2016.0,Casual,Reebok Navy Knit Rib Jacket
16062,Men,Apparel,Bottomwear,Trousers,Navy Blue,Fall,2011.0,Casual,Highlander Men Solid Navy Blue Trouser
28549,Women,Apparel,Topwear,Tshirts,Blue,Spring,2012.0,Casual,Nike Women Blue Printed T-shirt
39899,Men,Footwear,Sandal,Sports Sandals,Brown,Summer,2012.0,Casual,ADIDAS Men Brown Sandals
11339,Men,Apparel,Bottomwear,Jeans,Blue,Summer,2017.0,Casual,Lee Men Blue Chicago Fit Jeans
37872,Men,Accessories,Wallets,Wallets,Black,Summer,2012.0,Casual,Hidekraft Men Black Wallet
45362,Women,Footwear,Shoes,Heels,Olive,Summer,2016.0,Casual,Cobblerz Women Olive Green Sandals
44231,Men,Footwear,Shoes,Sports Shoes,Blue,Summer,2012.0,Sports,Nike Men Air Max Turbulence+ 18 Grey Sports Shoes
36089,Unisex,Accessories,Headwear,Caps,Brown,Summer,2012.0,Casual,OTLS Unisex Brown Cap
13796,Men,Apparel,Topwear,Tshirts,Grey,Fall,2011.0,Casual,Proline Mens Stripes Grey & White Striped T-shirt
9792,Men,Apparel,Topwear,Shirts,White,Fall,2011.0,Casual,Spykar Men Ranger With Red Stitch Line White Shirts
14629,Women,Accessories,Scarves,Scarves,Pink,Summer,2011.0,Casual,United Colors of Benetton Women Solid Pink Scarves
58243,Women,Accessories,Wallets,Wallets,Red,Summer,2012.0,Casual,Baggit Women Red Wallet
58170,Women,Accessories,Bags,Clutches,Red,Fall,2012.0,Casual,Rocky S Women Red Clutch
9706,Men,Footwear,Sandal,Sandals,Black,Winter,2015.0,Casual,Hush Puppies Men Walsh Black Sandals
48421,Men,Apparel,Topwear,Tshirts,Grey Melange,Summer,2012.0,Casual,French Connection Men Grey Printed T-shirt
7667,Men,Accessories,Socks,Socks,White,Summer,2016.0,Casual,Wrangler Men's White Crew Length Socks
7056,Unisex,Accessories,Bags,Backpacks,Black,Summer,2011.0,Sports,Nike Unisex Trng Max Black Backpack
55056,Women,Personal Care,Lips,Lipstick,Brown,Spring,2017.0,,Lakme Enrich Satins Lipstick 130
27054,Women,Accessories,Bags,Handbags,Blue,Summer,2012.0,Casual,Yelloe Blue Envelope Look Handbag
21943,Women,Accessories,Bags,Handbags,Purple,Winter,2015.0,Casual,Murcia Women Casual Purple Handbag
8795,Men,Apparel,Topwear,Shirts,Red,Fall,2011.0,Casual,Scullers Men Red Shirt
19033,Women,Footwear,Shoes,Flats,Tan,Winter,2015.0,Casual,Catwalk Women Mary Jane Tan Casual Shoes
37410,Women,Accessories,Bags,Handbags,Green,Summer,2012.0,Casual,Murcia Women Envelope Green Handbag
44784,Men,Footwear,Shoes,Sports Shoes,White,Summer,2012.0,Casual,Lotto Men White Torcida Shoes
54599,Women,Apparel,Topwear,Kurtas,Blue,Summer,2012.0,Ethnic,Sushilas Women Printed Blue Kurta
24385,Women,Apparel,Topwear,Kurtas,Off White,Fall,2011.0,Ethnic,Folklore Women Off White Printed Kurta
2313,Women,Apparel,Topwear,Tshirts,White,Fall,2010.0,Sports,Nike Womens Green Polo T-shirt
25925,Women,Apparel,Topwear,Tshirts,Purple,Summer,2012.0,Casual,Femella Women Purple T-Shirt
45969,Women,Apparel,Topwear,Tops,Grey Melange,Summer,2012.0,Casual,Tokyo Talkies Women Grey Melange Printed Top
17990,Men,Accessories,Ties,Ties,Navy Blue,Fall,2011.0,Formal,Reid & Taylor Men Stripes Navy Blue Tie
55181,Women,Personal Care,Nails,Nail Polish,Pink,Spring,2017.0,Casual,Lakme Absolute Fast & Fabulous Pearl Pink Nail Polish 16
6665,Men,Footwear,Shoes,Sports Shoes,Grey,Summer,2011.0,Sports,Nike Men's Lunarglide 2 Grey Yellow Shoe
12235,Men,Apparel,Topwear,Shirts,Maroon,Winter,2011.0,Formal,Genesis Maroon Formal Shirt
31264,Men,Apparel,Topwear,Tshirts,Red,Summer,2012.0,Casual,Puma Men Pounce Graphic Red T-shirt
33429,Women,Accessories,Bags,Handbags,Teal,Fall,2012.0,Casual,Baggit Women Naughty Lips Teal Handbag
45598,Men,Footwear,Shoes,Formal Shoes,Black,Summer,2013.0,Formal,Arrow Men Black Formal Shoes
25706,Women,Apparel,Topwear,Tops,Pink,Summer,2012.0,Casual,Mumbai Slang Women Printed Pink Top
57289,Men,Apparel,Topwear,Shirts,Blue,Summer,2012.0,Casual,French Connection Men Blue & Brown Shirt
11515,Women,Footwear,Shoes,Heels,Black,Winter,2015.0,Casual,Catwalk Women Lifestyle Black Heels
57503,Men,Footwear,Sandal,Sandals,Brown,Summer,2012.0,Casual,Lee Cooper Men Brown Sandals
13363,Men,Footwear,Shoes,Casual Shoes,Brown,Fall,2011.0,Casual,Timberland Men Jeunes Brown Casual Shoes
42134,Men,Footwear,Shoes,Casual Shoes,Khaki,Summer,2012.0,Casual,Nike Men Khaki Dunk High Casual Shoes
34533,Men,Footwear,Shoes,Formal Shoes,Black,Winter,2018.0,Formal,Red Tape Men Black Shoes
45186,Women,Accessories,Watches,Watches,White,Winter,2016.0,Casual,CASIO ENTICER Women White Dial Analogue Watch A634
7870,Men,Apparel,Topwear,Tshirts,Purple,Fall,2011.0,Casual,Proline Men Purple Polo T-shirt
7463,Men,Apparel,Topwear,Tshirts,Burgundy,Summer,2011.0,Casual,Proline Men Burgundy Printed T-shirt
23855,Men,Footwear,Shoes,Casual Shoes,Yellow,Summer,2011.0,Casual,ADIDAS Men Yellow Color Blast Casual Shoes
46104,Men,Footwear,Flip Flops,Flip Flops,Olive,Summer,2012.0,Casual,ADIDAS Men Olive Flip Flops
53125,Women,Apparel,Topwear,Tshirts,Green,Summer,2012.0,Casual,Myntra Women Green T-shirt
58675,Women,Apparel,Topwear,Kurtas,Multi,Summer,2012.0,Ethnic,ALayna Women Multi Coloured Kurta
33229,Unisex,Accessories,Bags,Laptop Bag,Black,Summer,2012.0,Casual,New Hide Unisex Black Leather Laptop Bag
58905,Men,Accessories,Ties,Ties,Maroon,Summer,2012.0,Casual,Hakashi Men Maroon Silk Tie
37601,Boys,Apparel,Topwear,Tshirts,White,Summer,2012.0,Casual,Madagascar3 Boys White Printed T-Shirt
54407,Women,Accessories,Bags,Handbags,Purple,Summer,2012.0,Casual,Baggit Women Purple Sling Bag
38836,Women,Apparel,Dress,Dresses,Blue,Summer,2012.0,Casual,Latin Quarters Women Blue Dress
39028,Men,Accessories,Watches,Watches,Black,Winter,2016.0,Casual,CASIO ENTICER Men Black Dial Watch A642
8098,Men,Accessories,Watches,Watches,Black,Winter,2016.0,Casual,Fastrack Men Hip Hop Analog Black Watch
8371,Girls,Apparel,Topwear,Tshirts,Yellow,Fall,2011.0,Casual,Doodle Girl's Dont Worry Hippie Yellow Teen Kidswear
53631,Women,Apparel,Innerwear,Bra,Purple,Summer,2017.0,Casual,Amante Purple Bra-BGDR01
24950,Women,Apparel,Topwear,Tshirts,Blue,Summer,2012.0,Casual,United Colors of Benetton Women Blue T-shirt
40022,Men,Apparel,Topwear,Tshirts,White,Summer,2012.0,Casual,ADIDAS Men White Polo T-shirt
56495,Women,Personal Care,Nails,Nail Polish,Pink,Spring,2017.0,,Streetwear Quick Dry Panache Pink Nail Polish 11
12374,Men,Apparel,Topwear,Shirts,White,Fall,2011.0,Formal,Reid & Taylor Men Stripes White Shirts
30836,Women,Apparel,Topwear,Kurtas,White,Summer,2012.0,Ethnic,Fabindia Women White Chikankari Kurta
32456,Men,Apparel,Bottomwear,Track Pants,Black,Spring,2013.0,Sports,ADIDAS Men Black Track Pants
15012,Men,Apparel,Topwear,Jackets,Blue,Fall,2011.0,Sports,ADIDAS Men Solid Blue Jackets
27796,Men,Accessories,Wallets,Wallets,Black,Winter,2015.0,Casual,Bulchee Men Black Wallet
21959,Women,Accessories,Bags,Handbags,Grey,Winter,2015.0,Casual,Murcia Women Casual Grey Handbag
7779,Men,Footwear,Shoes,Casual Shoes,Black,Fall,2011.0,Casual,Converse Men's Chuck Slip Black Canvas Shoe
5468,Men,Footwear,Shoes,Sports Shoes,White,Summer,2011.0,Sports,Nike Men's Lunareclipse White Shoe
50297,Men,Accessories,Ties,Ties,Black,Summer,2012.0,Casual,Parx Men Black Tie
5139,Women,Apparel,Topwear,Tshirts,Blue,Summer,2011.0,Casual,Wrangler Women's Ditsy Floral Vanilla White T-shirt
27032,Women,Apparel,Bottomwear,Jeans,Blue,Summer,2012.0,Casual,Jealous 21 Women Blue Hip Fit Jeans
51528,Men,Accessories,Watches,Watches,Grey,Winter,2016.0,Casual,Fastrack Men Grey Dial Watch NB3001SL02
31283,Men,Apparel,Topwear,Tshirts,Black,Summer,2012.0,Casual,Puma Men Faas Black T-shirt
51257,Men,Accessories,Belts,Belts,Black,Spring,2013.0,Formal,Park Avenue Men Black & Brown Reversible Belt
31467,Men,Apparel,Topwear,Tshirts,White,Summer,2012.0,Sports,Nike Men Cricket Off White T-shirt
9638,Men,Apparel,Topwear,Shirts,Black,Fall,2011.0,Casual,Indigo Nation Men Striped  Black Shirt
43037,Men,Apparel,Topwear,Shirts,Green,Summer,2012.0,Casual,Scullers Men Green & Navy Blue Shirt
12204,Men,Apparel,Topwear,Tshirts,Green,Fall,2011.0,Casual,Basics Men Green Striped T-shirt
38046,Men,Accessories,Watches,Watches,Black,Winter,2016.0,Casual,Q&Q Attractive Men Black Analog Watch
12533,Women,Apparel,Topwear,Jackets,Purple,Fall,2011.0,Casual,Puma Women Solid Purple Jackets
43014,Men,Apparel,Innerwear,Briefs,Grey,Summer,2016.0,Casual,Calvin Klein Men Grey Brief
16034,Men,Apparel,Topwear,Shirts,White,Fall,2011.0,Casual,Highlander Men Stripes White Shirt
14681,Men,Apparel,Topwear,Tshirts,Green,Summer,2015.0,Casual,Basics Men Green Polo T-shirt
28434,Women,Accessories,Watches,Watches,White,Winter,2016.0,Casual,DKNY Women White Dial Watch NY8299
8020,Men,Apparel,Bottomwear,Track Pants,Black,Fall,2011.0,Sports,Fila Men's Single Tipped Woven Black Red Track Pant
27516,Women,Apparel,Innerwear,Briefs,Black,Winter,2015.0,Casual,Jockey Lace Stretch Black Boy Leg Brief
6190,Women,Apparel,Topwear,Tops,Grey,Summer,2011.0,Casual,UCB Women Placket Stripe Grey Top
52517,Women,Apparel,Loungewear and Nightwear,Baby Dolls,Black,Winter,2015.0,Casual,Red Rose Black Nightdress
16641,Men,Apparel,Topwear,Tshirts,Charcoal,Summer,2016.0,Casual,Facit Men Smart  Charcoal Tshirt
42200,Women,Apparel,Topwear,Tops,Yellow,Summer,2012.0,Casual,Sepia Women Yellow Top
20159,Men,Apparel,Topwear,Shirts,Navy Blue,Fall,2011.0,Casual,Wrangler Men Dirt Rider Check Navy Blue Shirt
52186,Women,Accessories,Jewellery,Earrings,Silver,Fall,2012.0,Casual,Lencia Sterling Silver Earrings
28219,Men,Personal Care,Fragrance,Deodorant,Green,Spring,2017.0,Casual,YARDLEY Men Adventure Deo
16343,Men,Apparel,Topwear,Shirts,Blue,Fall,2011.0,Formal,Peter England Men Check Blue Shirt
5167,Men,Apparel,Topwear,Tshirts,Black,Summer,2011.0,Casual,Ed Hardy Men's Skull Wave Black T-shirt
59567,Men,Accessories,Cufflinks,Cufflinks,Steel,Summer,2012.0,Casual,Revv Men Black and Steel Cufflinks
56537,Women,Personal Care,Lips,Lipstick,Pink,Spring,2017.0,Casual,Streetwear Women Satin Smooth Cherry Crush Lipstick o9
8433,Women,Apparel,Topwear,Tops,Brown,Fall,2011.0,Casual,Jealous 21 Women Jealous Ebony Brown Top Brown Tops
49588,Women,Footwear,Shoes,Heels,Black,Winter,2015.0,Casual,Catwalk Women Black Heels
56672,Men,Accessories,Watches,Watches,White,Winter,2016.0,Casual,Maxima Men White Dial Chronograph Watch
39267,Men,Footwear,Shoes,Casual Shoes,Beige,Winter,2018.0,Casual,Red Chief Men Beige Shoes
19852,Men,Apparel,Topwear,Shirts,Pink,Fall,2011.0,Casual,U.S. Polo Assn. Men Solid Pink Shirt
11834,Men,Footwear,Shoes,Casual Shoes,Grey,Summer,2013.0,Casual,Playboy Men Casual Grey Casual Shoes
30678,Men,Accessories,Eyewear,Sunglasses,Grey,Winter,2016.0,Casual,Park Avenue Men Navy Sunglasses
15115,Men,Apparel,Bottomwear,Trousers,Navy Blue,Fall,2012.0,Formal,Arrow Men TR Finish Navy Blue Trousers
13892,Men,Apparel,Topwear,Tshirts,Blue,Fall,2012.0,Casual,Nike Men Team India Special Edition Three Star Blue Jersey
34427,Women,Apparel,Topwear,Tshirts,Blue,Summer,2012.0,Casual,Myntra Women Rock Ur World Blue T-shirt
52929,Women,Apparel,Saree,Sarees,White,Fall,2012.0,Ethnic,FNF Multi Coloured Printed Sari
11649,Women,Apparel,Topwear,Kurtas,Green,Summer,2011.0,Ethnic,W Women Kurta Green Kurtas
15077,Women,Apparel,Topwear,Kurtas,White,Fall,2011.0,Ethnic,Mother Earth Women Printed White Kurtas
49156,Women,Personal Care,Makeup,Highlighter and Blush,Peach,Spring,2017.0,,Deborah Peach HiTech Blusher # 59
11164,Men,Apparel,Topwear,Shirts,Blue,Fall,2011.0,Formal,John Miller Men Solid Blue Shirts
39327,Girls,Apparel,Bottomwear,Leggings,Green,Summer,2012.0,Casual,Gini and Jony Girls Green Leggings
38573,Men,Apparel,Bottomwear,Track Pants,Navy Blue,Fall,2012.0,Sports,Nike Men AD Striker Navy Blue Track Pants
28717,Women,Apparel,Topwear,Kurtas,Purple,Summer,2012.0,Ethnic,W Women Printed Purple Kurta
6700,Men,Accessories,Socks,Socks,White,Summer,2011.0,Sports,Nike Men's Nsw Clsc White Blue Socks
36886,Men,Accessories,Belts,Belts,Black,Summer,2012.0,Casual,Fossil Men Black & Brown Ethan Belt
35475,Men,Footwear,Shoes,Formal Shoes,Brown,Summer,2012.0,Formal,Bata Men Remo Brown Formal Shoes
18435,Unisex,Accessories,Accessories,Messenger Bag,Black,Fall,2011.0,Casual,Vital Gear Unisex Black Messenger Bag
9570,Men,Apparel,Topwear,Shirts,Blue,Fall,2011.0,Formal,John Miller Men Solid Light Blue Shirt
52816,Men,Accessories,Watches,Watches,Black,Winter,2016.0,Casual,Morellato Men Black Watch
18938,Men,Apparel,Topwear,Tshirts,Purple,Fall,2011.0,Casual,Levi's Men Graphic Print Purple Tshirt
53533,Women,Apparel,Innerwear,Briefs,Black,Summer,2018.0,Casual,Amante Women Black Seamless Briefs PCSN11
8494,Women,Apparel,Bottomwear,Skirts,Beige,Fall,2011.0,Casual,Forever New Women Clay Pleated Beige Skirts
3566,Men,Footwear,Shoes,Sports Shoes,White,Summer,2011.0,Sports,ADIDAS Men's White Silver Running Shoe
31100,Boys,Apparel,Topwear,Shirts,Navy Blue,Summer,2012.0,Casual,Gini and Jony Boys Check Navy Blue Shirt
35237,Men,Footwear,Shoes,Casual Shoes,Black,Fall,2012.0,Casual,Fortune Men Black Casual Shoes
11490,Women,Accessories,Watches,Watches,Black,Winter,2016.0,Casual,Puma Women Flux-M Black Watch
20122,Women,Apparel,Topwear,Shirts,Purple,Fall,2011.0,Casual,Wrangler Women Yoke Purple Shirt
14813,Women,Accessories,Bags,Handbags,Red,Summer,2011.0,Casual,United Colors of Benetton Women Solid Red Handbags
49537,Women,Accessories,Bags,Clutches,Black,Summer,2012.0,Casual,Rocia Women Black Clutch
28457,Women,Apparel,Bottomwear,Capris,Black,Summer,2012.0,Sports,Urban Yoga Women Black Capris
26878,Women,Apparel,Topwear,Tops,Yellow,Summer,2012.0,Casual,Jealous 21 Women Printed Yellow Top
35532,Girls,Footwear,Shoes,Casual Shoes,Blue,Summer,2012.0,Casual,Enroute kids Girls Blue Casual Shoes
7944,Men,Apparel,Topwear,Tshirts,Blue,Fall,2011.0,Sports,Puma Men's Riddim Mood Indigo Yellow Green T-shirt
54871,Women,Accessories,Jewellery,Necklace and Chains,Red,Fall,2012.0,Casual,Ivory Tag Women Tangled Coral Red Necklace
15197,Men,Apparel,Topwear,Tshirts,Purple,Fall,2011.0,Casual,Arrow Sport Men Printed Purple Tshirts
50495,Men,Apparel,Innerwear,Innerwear Vests,Blue,Winter,2016.0,Casual,Chromozome Men Blue Innerwear Vest
48174,Women,Accessories,Bags,Handbags,Multi,Winter,2016.0,Casual,Fossil Women Multi Coloured Handbag
39589,Women,Footwear,Shoes,Heels,Silver,Winter,2015.0,Casual,Catwalk Women Silver Heels
57393,Women,Apparel,Innerwear,Briefs,Multi,Winter,2015.0,Casual,Amante Women Pack of 6 Briefs PFCN06
33576,Men,Apparel,Topwear,Tshirts,Navy Blue,Summer,2012.0,Casual,Wrangler Men Motoroil Navy Blue T-shirt
23176,Men,Apparel,Topwear,Tshirts,Navy Blue,Fall,2011.0,Casual,Mark Taylor Men Navy Blue Printed T-shirt
34114,Girls,Apparel,Dress,Dresses,Blue,Summer,2012.0,Casual,Doodle Girls Printed Blue Dress
2369,Men,Footwear,Shoes,Casual Shoes,Brown,Winter,2018.0,Casual,Red Tape Casual Brown Men's Shoe
49661,Women,Accessories,Eyewear,Sunglasses,Black,Winter,2016.0,Casual,United Colors of Benetton Women Sunglass
23145,Women,Apparel,Topwear,Sweatshirts,Off White,Fall,2011.0,Casual,Quechua Women  Fleece Off-White Sweatshirt
12941,Men,Apparel,Topwear,Shirts,Blue,Fall,2011.0,Casual,Basics Men Blue Slim Fit Striped Shirt
48896,Women,Accessories,Jewellery,Pendant,Silver,Summer,2013.0,Casual,Lucera Women Silver Pendant with Chain
50816,Men,Accessories,Wallets,Wallets,Brown,Summer,2012.0,Casual,New Hide Men Brown Passport Holder
32271,Women,Apparel,Topwear,Kurtas,Green,Summer,2012.0,Ethnic,Vishudh Women Printed Green Kurta
32723,Women,Accessories,Bags,Clutches,Maroon,Summer,2012.0,Casual,Fabindia Women Maroon & Black Brocade Clutch
26338,Women,Accessories,Watches,Watches,Silver,Winter,2016.0,Formal,DKNY Women Silver-Toned Dial Chronograph Watch NY8062
16534,Women,Apparel,Topwear,Tops,Pink,Fall,2011.0,Casual,Tokyo Talkies Women Printed PinkTop
16724,Men,Apparel,Topwear,Sweaters,Black,Fall,2011.0,Casual,Fila Men AbeII Black Sweater
27279,Women,Apparel,Topwear,Kurtas,Blue,Fall,2011.0,Ethnic,Mother Earth Women Blue Kurta
19349,Men,Footwear,Shoes,Sports Shoes,Black,Summer,2012.0,Sports,Numero Uno Men Fashion Black Sports Shoes
56055,Women,Personal Care,Lips,Lip Gloss,Brown,Spring,2017.0,Casual,Colorbar Extra Durable Sassy Lip Color 017
59443,Men,Apparel,Topwear,Shirts,White,Fall,2012.0,Formal,Arrow Men Striped Beige Slim Fit Shirt
27828,Men,Accessories,Belts,Belts,Brown,Summer,2012.0,Casual,Bulchee Men Brown Leather Belt
43574,Girls,Apparel,Topwear,Tops,White,Summer,2012.0,Casual,Gini and Jony Girls Knits White Top
22532,Unisex,Footwear,Sandal,Sandals,Brown,Fall,2011.0,Casual,Crocs Unisex Basics khaki Slippers
34833,Women,Footwear,Shoes,Flats,Green,Summer,2012.0,Casual,ADIDAS Women Sweep Green Sandals
18709,Women,Apparel,Innerwear,Briefs,White,Winter,2015.0,Casual,Hanes Women Pack of Three 100% Cotton Plain Bikini Briefs
19848,Men,Apparel,Topwear,Shirts,Green,Fall,2011.0,Casual,U.S. Polo Assn. Men Striped Green Shirt
27850,Women,Apparel,Topwear,Tshirts,Purple,Summer,2012.0,Casual,Scullers For Her Women Purple T-shirt
16121,Men,Accessories,Belts,Belts,Black,Fall,2011.0,Formal,Turtle Men Black Belt
42633,Women,Accessories,Jewellery,Bracelet,Gold,Winter,2016.0,Casual,Estelle Women Bracelet
57868,Women,Personal Care,Skin,Face Moisturisers,Green,Spring,2017.0,,Biotique Bio Wheat Germ Youthful Nourishing Night Cream
45620,Men,Footwear,Shoes,Casual Shoes,Brown,Summer,2012.0,Casual,Arrow Men Brown Casual Shoes
14171,Men,Accessories,Belts,Belts,Black,Fall,2011.0,Formal,Belmonte Men Matt Finish Black Belts
39952,Men,Footwear,Flip Flops,Flip Flops,Brown,Fall,2012.0,Casual,Gas Men Brown Freak Flip Flops
37257,Men,Footwear,Shoes,Casual Shoes,Burgundy,Summer,2012.0,Casual,United Colors of Benetton Men Burgundy Shoes
53863,Women,Apparel,Topwear,Kurtas,Green,Summer,2012.0,Ethnic,Vishudh Women Green Printed Kurta
14951,Men,Apparel,Topwear,Tshirts,Maroon,Fall,2011.0,Casual,Status Quo Men Stripes Maroon Tshirts
58493,Women,Apparel,Dress,Dresses,Grey,Fall,2012.0,Casual,Tonga Women Grey Dress
25892,Women,Apparel,Topwear,Tops,Black,Summer,2012.0,Casual,Femella Women Black Spaghetti Top
16740,Women,Accessories,Bags,Clutches,Purple,Winter,2015.0,Casual,Spice Art Women Gold Embroidery Purple Clutch
42639,Women,Accessories,Jewellery,Bracelet,Gold,Winter,2016.0,Casual,Estelle Women Gold Bracelet
50296,Men,Accessories,Ties,Ties,Black,Summer,2012.0,Formal,Parx Men Black and Purple Tie
21308,Women,Accessories,Eyewear,Sunglasses,Grey,Winter,2016.0,Casual,Celine Dion Women Grey Frame Sunglasses
52417,Women,Apparel,Loungewear and Nightwear,Night suits,Red,Winter,2015.0,Casual,Red Rose Women Red Pyjama Set
41899,Men,Personal Care,Fragrance,Perfume and Body Mist,Black,Spring,2017.0,Casual,Playboy Men Ibiza Perfume Buy 1 Get 1 free
49998,Women,Apparel,Innerwear,Briefs,Multi,Winter,2015.0,Casual,Hanes Women Pack of Two No Panty Line - Cotton Stretch Boyleg Panties
26654,Men,Footwear,Shoes,Sports Shoes,Black,Summer,2012.0,Sports,Puma Men Black Sports Shoes
38293,Men,Accessories,Wallets,Wallets,Brown,Summer,2012.0,Casual,Reid & Taylor Men Brown Wallet
20312,Men,Apparel,Topwear,Tshirts,Green,Summer,2011.0,Casual,Lee Men Solid Green Tshirt
56422,Women,Apparel,Innerwear,Bra,Red,Summer,2017.0,Casual,Biara Red Blush Bra ST 5001
15370,Women,Apparel,Topwear,Sweatshirts,Pink,Fall,2011.0,Casual,Urban Yoga Women Solid Pink Sweatshirts
59283,Men,Accessories,Watches,Watches,White,Winter,2016.0,Casual,Titan Men White Dial Watch
9948,Men,Apparel,Topwear,Tshirts,White,Fall,2011.0,Sports,ADIDAS Men White Jersey Polo Tshirt
39827,Men,Footwear,Sandal,Sandals,Brown,Summer,2012.0,Casual,Red Tape Men Brown Sandals
23535,Men,Personal Care,Fragrance,Perfume and Body Mist,Silver,Spring,2017.0,Casual,Dunhill Pure Men Perfume
53070,Women,Accessories,Bags,Handbags,Brown,Summer,2012.0,Casual,Rocia Women Brown Handbag
8980,Men,Footwear,Shoes,Casual Shoes,Black,Fall,2011.0,Casual,Puma Men Evo Ducati Mid Black Casual Shoes
40507,Men,Accessories,Watches,Watches,White,Winter,2016.0,Casual,Titan Men White Dial Watch
11347,Men,Apparel,Bottomwear,Jeans,Blue,Summer,2017.0,Casual,Lee Men Elvira Rinse Blue Chicago Fit Jeans
12966,Men,Footwear,Shoes,Sports Shoes,Grey,Fall,2011.0,Sports,ADIDAS Men Snova Glide Grey Sports Shoes
17390,Men,Accessories,Socks,Socks,Black,Summer,2016.0,Casual,Reid & Taylor Men Solid Black Socks
56987,Women,Footwear,Shoes,Heels,Red,Winter,2012.0,Casual,HM Women Red Wedges
2748,Men,Apparel,Topwear,Tshirts,Grey,Summer,2011.0,Casual,Classic Polo Mens  T-shirt
10344,Men,Apparel,Topwear,Tshirts,Purple,Fall,2011.0,Casual,United Colors of Benetton Men Solid Purple Tshirts
3134,Women,Footwear,Shoes,Heels,Silver,Winter,2015.0,Casual,Catwalk Women Flat Studded Crystal Silver Flats
33062,Men,Apparel,Topwear,Shirts,White,Summer,2012.0,Casual,U.S. Polo Assn. Denim Co. Men Blue Check Shirt
48667,Women,Accessories,Jewellery,Earrings,Silver,Fall,2012.0,Casual,Lucera Women Silver Earrings
55880,Women,Personal Care,Nails,Nail Polish,Silver,Spring,2017.0,Casual,Colorbar Exclusive Nail Lacquer 56
11542,Women,Apparel,Topwear,Kurtas,Beige,Summer,2011.0,Ethnic,W Women Printed  Beige Kurtas
53139,Women,Footwear,Shoes,Heels,Blue,Winter,2015.0,Casual,Catwalk Women Blue & White Sandals
38505,Girls,Apparel,Bottomwear,Skirts,Blue,Summer,2012.0,Casual,Gini and Jony Girls Woven Blue Skirt
16323,Men,Apparel,Topwear,Tshirts,Green,Fall,2011.0,Casual,Peter England Men Printed Green TShirt
31177,Girls,Apparel,Topwear,Tops,Red,Summer,2012.0,Casual,Gini and Jony Girls Red Top
19170,Men,Apparel,Topwear,Tshirts,Olive,Summer,2011.0,Casual,United Colors of Benetton Men Printed Olive TShirt
41780,Women,Apparel,Topwear,Tops,Maroon,Summer,2012.0,Casual,Remanika Women Maroon Top
41740,Women,Footwear,Shoes,Heels,Black,Spring,2013.0,Casual,Catwalk Women Black Wedges
5131,Women,Apparel,Topwear,Shirts,Red,Summer,2011.0,Casual,Wrangler Women Check Multi Colour Shirt
53406,Women,Apparel,Topwear,Kurtas,Red,Fall,2012.0,Ethnic,Alma Women Red Printed Kurta
8243,Women,Accessories,Bags,Handbags,Yellow,Winter,2016.0,Casual,Fastrack Women Yellow Sling Bag
16440,Men,Apparel,Topwear,Tshirts,Olive,Fall,2011.0,Casual,Levis Men Printed Olive Tshirts
19612,Women,Apparel,Topwear,Tshirts,Blue,Summer,2011.0,Casual,United Colors of Benetton Women Solid Blue Tshirt
24717,Men,Footwear,Shoes,Casual Shoes,Charcoal,Fall,2011.0,Casual,Skechers Men Heisman Charcoal Casual Shoes
25269,Women,Accessories,Bags,Handbags,Maroon,Summer,2012.0,Casual,Lino Perros Women Leatherette Maroon Handbag
35697,Men,Footwear,Shoes,Casual Shoes,White,Summer,2012.0,Casual,Nike Men Sweet Classic High White Shoes
11424,Men,Apparel,Topwear,Shirts,Blue,Fall,2011.0,Casual,United Colors of Benetton Men Light Blue Shirts
58062,Women,Accessories,Jewellery,Earrings,Silver,Fall,2012.0,Casual,Rreverie Silver Earrings
41868,Men,Footwear,Sandal,Sandals,Turquoise Blue,Summer,2015.0,Casual,Estd. 1977 Men Turquoise Blue Sandals
59360,Women,Apparel,Topwear,Kurtas,White,Summer,2012.0,Ethnic,Vishudh Women White Printed Kurta
50754,Men,Footwear,Shoes,Casual Shoes,Brown,Winter,2018.0,Casual,Red Chief Men Brown Shoes
26600,Women,Footwear,Shoes,Sports Shoes,Black,Summer,2012.0,Sports,Puma Women Faas 300 Black Sports Shoes
14715,Men,Apparel,Topwear,Shirts,White,Fall,2011.0,Formal,Indigo Nation Men Formal Shirt White Shirts
48749,Women,Accessories,Jewellery,Bangle,Silver,Summer,2015.0,Casual,Lucera Women Silver Bangle
27253,Men,Footwear,Shoes,Sports Shoes,Blue,Summer,2014.0,Sports,ASICS Men Blue Gel-Tarther Running Shoes
20894,Men,Footwear,Shoes,Casual Shoes,Red,Fall,2011.0,Casual,Basics Men Red Casual Shoes
19659,Women,Apparel,Topwear,Tops,Olive,Summer,2011.0,Casual,United Colors of Benetton Women Striped Olive Top
32198,Men,Apparel,Topwear,Kurtas,Grey,Summer,2012.0,Ethnic,Fabindia Men Printed Grey Kurta
56631,Women,Personal Care,Skin Care,Face Wash and Cleanser,White,Spring,2017.0,Casual,Olay Regenerist Cream Cleanser
2318,Men,Apparel,Topwear,Tshirts,Black,Summer,2011.0,Sports,Nike Men's Athletic Navy Blue T-shirt
15199,Men,Apparel,Topwear,Tshirts,Lavender,Fall,2011.0,Casual,Arrow Sport Men Stripes Lavender  Polo Tshirts
29466,Men,Accessories,Watches,Watches,Silver,Winter,2016.0,Casual,Giordano Men Silver Dial Watch
34633,Men,Footwear,Shoes,Sports Shoes,Black,Summer,2012.0,Sports,Lotto Men Dolce Vita II Black Sports Shoes
46483,Men,Accessories,Watches,Watches,Black,Winter,2016.0,Casual,Timex Men Black Dial Watch
45710,Women,Personal Care,Fragrance,Perfume and Body Mist,White,Spring,2017.0,Casual,Paris Hilton Just Me Women Perfume
25886,Unisex,Accessories,Bags,Backpacks,Blue,Winter,2015.0,Travel,American Tourister Unisex Blue Wanderer Pro Backpack
23561,Men,Personal Care,Fragrance,Fragrance Gift Set,Blue,Spring,2017.0,Casual,Police Cosmopolitian Men Fragrance Gift Set
42118,Men,Apparel,Topwear,Tshirts,Teal,Summer,2012.0,Casual,ADIDAS Men Teal T-shirt
36796,Men,Accessories,Watches,Watches,Black,Winter,2016.0,Casual,Maxima Men Black Dial Ssteele Watch
3914,Men,Apparel,Topwear,Tshirts,Black,Summer,2011.0,Casual,Urban Yoga Men's Mind Body Soul Black T-shirt
22818,Men,Footwear,Shoes,Casual Shoes,Black,Winter,2016.0,Casual,Woodland Men Black Casual Shoes
22826,Men,Footwear,Shoes,Casual Shoes,Brown,Summer,2012.0,Casual,Woodland Men Brown Casual Shoes
23531,Women,Personal Care,Fragrance,Perfume and Body Mist,White,Spring,2017.0,Casual,DKNY Women Be Delicious Perfume
7926,Men,Apparel,Topwear,Tshirts,Navy Blue,Fall,2011.0,Casual,Proline Men Navy Striped Polo T-shirt
30745,Men,Apparel,Topwear,Kurtas,Beige,Summer,2012.0,Ethnic,Fabindia Men Beige Ajrakh Kurta
22171,Men,Footwear,Sandal,Sandals,Brown,Fall,2012.0,Casual,Timberland Men Brown Sandals
59051,Women,Footwear,Shoes,Flats,Black,Winter,2012.0,Casual,Carlton London Women Black & Gold Toned Flats
23462,Men,Accessories,Scarves,Scarves,Black,Winter,2015.0,Casual,Lino Perros Men Black Scarf
2336,Men,Apparel,Topwear,Tshirts,Grey,Fall,2010.0,Casual,Reebok Men Dragon Grey T-shirt
43054,Men,Apparel,Topwear,Tshirts,Green,Summer,2012.0,Casual,Nike Men Green Portugal Football T-shirt
58117,Women,Accessories,Jewellery,Pendant,Silver,Fall,2012.0,Casual,Rreverie Women Silver & White Pendant
33311,Men,Apparel,Topwear,Tshirts,White,Summer,2012.0,Casual,Jack & Jones Men White & Navy Blue T-shirt
6740,Women,Footwear,Shoes,Sports Shoes,Grey,Summer,2011.0,Sports,Nike Women Air Pegasus+ 28 Grey White Pink Shoe
19364,Men,Footwear,Shoes,Casual Shoes,Black,Winter,2018.0,Casual,Redtape Men Calcullas Black Casual Shoes
33964,Women,Apparel,Topwear,Shirts,Black,Summer,2012.0,Casual,Femella Women Black Shirt
19578,Women,Apparel,Topwear,Tops,Purple,Summer,2011.0,Casual,United Colors of Benetton Women Solid Purple Top
40177,Men,Accessories,Eyewear,Sunglasses,Black,Winter,2016.0,Casual,Fastrack Men UV Protected Sporty Wrap Sunglasses
45596,Men,Footwear,Shoes,Formal Shoes,Black,Summer,2012.0,Formal,Arrow Men Black Formal Shoes
19258,Women,Accessories,Watches,Watches,Steel,Winter,2016.0,Casual,Guess Women Steel-Toned & Stone-Studded Dial Watch W10264L1
13453,Women,Apparel,Topwear,Tunics,Blue,Summer,2011.0,Casual,United Colors of Benetton Women Printed Blue Tunics
58450,Men,Accessories,Watches,Watches,Black,Winter,2016.0,Casual,Fossil Men Black Dial Chronograph Watch FS4646
57334,Women,Apparel,Innerwear,Bra,Grey,Winter,2015.0,Casual,Amante Bra BCSO01
15183,Men,Apparel,Topwear,Sweaters,Blue,Fall,2011.0,Casual,Arrow Sport Men Check Blue Sweaters
20265,Women,Footwear,Shoes,Heels,Brown,Winter,2012.0,Casual,Catwalk Women Casual Brown Flats
16199,Men,Apparel,Topwear,Tshirts,Blue,Fall,2011.0,Casual,Puma Men Blue Polo T-Shirt
25127,Women,Accessories,Bags,Clutches,Purple,Winter,2015.0,Casual,Lino Perros Women Gems Purple Clutch
42644,Women,Apparel,Topwear,Kurtas,Green,Summer,2012.0,Ethnic,Alma Women Green Kurta
25850,Women,Apparel,Topwear,Kurtis,Red,Summer,2012.0,Ethnic,Diva Women Printed Red Kurti
29069,Women,Accessories,Bags,Handbags,Olive,Winter,2016.0,Casual,Fastrack Women Olive Handbag
21623,Women,Apparel,Innerwear,Bra,Teal,Summer,2014.0,Casual,Enamor Women Teal Bra
38030,Women,Accessories,Watches,Watches,Pink,Winter,2016.0,Casual,Q&Q Women Pink Watch
45905,Men,Accessories,Watches,Watches,Black,Winter,2016.0,Casual,Maxima Men Black Dial Watch
13496,Men,Apparel,Topwear,Tshirts,Blue,Fall,2011.0,Casual,Chimp Men Teja Main Hoon Blue Tshirts
49930,Women,Apparel,Saree,Sarees,Yellow,Fall,2012.0,Ethnic,Fabindia Yellow Self-Striped Saree
18527,Boys,Accessories,Watches,Watches,Blue,Winter,2016.0,Casual,Chhota Bheem Analog Kids-Boys Blue Watch
30892,Women,Apparel,Bottomwear,Patiala,White,Summer,2012.0,Ethnic,Fabindia Women Printed White & Orange Patiala
58745,Men,Accessories,Socks,Socks,White,Fall,2014.0,Casual,Fila Men White Ankle Dig Logo-H Socks
47058,Women,Apparel,Bottomwear,Salwar,Green,Summer,2012.0,Ethnic,Shree Women Green & Blue Jodhpuri Salwar
20075,Women,Personal Care,Fragrance,Deodorant,Gold,Spring,2017.0,Casual,David Beckham Women Intimately Yours Deo
39995,Men,Accessories,Eyewear,Sunglasses,Black,Winter,2016.0,Casual,Park Avenue Men Black Frame Sunglasses
21139,Women,Apparel,Topwear,Tops,Brown,Fall,2011.0,Casual,s.Oliver Women Brown Top
10488,Men,Apparel,Bottomwear,Jeans,Blue,Fall,2011.0,Casual,Flying Machine Blue Jeans
50436,Men,Apparel,Innerwear,Briefs,Black,Summer,2016.0,Casual,Chromozome Men Black Briefs
13737,Men,Apparel,Topwear,Shirts,Black,Fall,2011.0,Casual,Belmonte Men Check Black Shirts
2848,Men,Apparel,Topwear,Tshirts,Purple,Summer,2011.0,Casual,Mr.Men Men's Mr.Messy Purple T-shirt
48793,Women,Accessories,Jewellery,Pendant,Silver,Summer,2013.0,Casual,Lucera Women Silver Pendant
7987,Men,Footwear,Shoes,Sports Shoes,Black,Fall,2011.0,Sports,Fila Men Fusion Black Sports Shoes
42641,Women,Apparel,Topwear,Kurtas,Blue,Summer,2012.0,Ethnic,W Women Blue Kurta
41301,Girls,Apparel,Topwear,Tshirts,Pink,Summer,2012.0,Casual,Gini and Jony Grils Polo Striped Pink T-shirt
28218,Women,Personal Care,Fragrance,Deodorant,Red,Spring,2017.0,Casual,YARDLEY Women Red Roses Deo
29789,Men,Apparel,Topwear,Tshirts,Pink,Summer,2013.0,Casual,Basics Men Pack of 3 T-shirt
28192,Men,Accessories,Eyewear,Sunglasses,Gold,Winter,2016.0,Casual,Ray-Ban Men Aviator Gold Sunglasses
44619,Women,Footwear,Flip Flops,Flip Flops,Purple,Summer,2012.0,Casual,Fila Women Purple Flip Flops
28863,Men,Apparel,Topwear,Tshirts,Grey,Summer,2012.0,Casual,Proline Men Grey Striped Polo T-shirt
18520,Women,Apparel,Topwear,Jackets,Black,Fall,2011.0,Casual,C Vox Women Solid 1354 Black Jacket
55407,Women,Personal Care,Lips,Lip Gloss,Purple,Spring,2017.0,Casual,Revlon ColorStay Overtime Relentless Raisin Lip Gloss 270
32940,Women,Footwear,Shoes,Casual Shoes,White,Summer,2012.0,Casual,ADIDAS Neo Women Court White Shoes
52096,Women,Apparel,Topwear,Tops,Orange,Summer,2012.0,Casual,Myntra Women Orange Top
28771,Women,Apparel,Topwear,Kurtis,Green,Summer,2012.0,Ethnic,Aurelia Women Printed Green Kurti
17822,Men,Footwear,Shoes,Formal Shoes,Black,Fall,2011.0,Formal,Lee Cooper Men  Black Formal Shoe
14959,Men,Apparel,Topwear,Jackets,Grey,Fall,2011.0,Casual,Status Quo Men Solid Grey Jackets
6579,Men,Apparel,Bottomwear,Shorts,Navy Blue,Fall,2012.0,Sports,Nike Men Woven Navy Blue 3/4 Pants
20518,Women,Accessories,Bags,Handbags,Purple,Winter,2015.0,Casual,Baggit Women Galaxy Taj Purple Handbag
42066,Unisex,Accessories,Accessories,Key chain,Black,Summer,2012.0,Casual,American Tourister Unisex Black Key Case
23565,Men,Personal Care,Fragrance,Perfume and Body Mist,Gold,Spring,2017.0,Casual,Baldessarini Ambre Men EDT Perfume
16862,Women,Accessories,Eyewear,Sunglasses,Grey,Winter,2016.0,Casual,Idee Women Funky Eyewear Blue Sunglasses
28041,Men,Apparel,Innerwear,Briefs,Black,Summer,2016.0,Casual,Jockey ELANCE Men Black Brief 1008
4114,Men,Footwear,Sandal,Sandals,Black,Summer,2011.0,Casual,Fila Men Obsidian Black Sandal
40468,Men,Footwear,Shoes,Casual Shoes,Black,Summer,2012.0,Casual,Fila Men Rockford Black Shoes
19871,Men,Footwear,Flip Flops,Flip Flops,Navy Blue,Fall,2011.0,Casual,ADIDAS Men Wires Navy Blue Flip Flops
8768,Unisex,Accessories,Eyewear,Sunglasses,Blue,Winter,2016.0,Casual,Fastrack Unisex Sport Blue Sunglasses
53507,Women,Apparel,Innerwear,Bra,Nude,Winter,2015.0,Casual,Amante Nude-Coloured Full-Coverage Bra BFOM12
19439,Men,Accessories,Headwear,Caps,Black,Summer,2012.0,Casual,Quiksilver Men Black Qsacc Cap
59522,Women,Accessories,Jewellery,Earrings,Silver,Summer,2013.0,Casual,Lucera Silver Earrings
43513,Women,Apparel,Dress,Dresses,Orange,Summer,2012.0,Casual,French Connection Women Orange Dress
51301,Boys,Accessories,Watches,Watches,Black,Winter,2016.0,Casual,Hop Scotch Boys Black Watch
44136,Men,Personal Care,Fragrance,Perfume and Body Mist,Silver,Spring,2017.0,Casual,dunhill Men Pure Perfume
4896,Women,Apparel,Topwear,Tops,Yellow,Summer,2011.0,Casual,Levis Kids Girl's Diane Yellow Teens Kidswear
53479,Women,Apparel,Innerwear,Bra,Pink,Summer,2017.0,Casual,Amante Pink Full-Coverage Bra BCSB02
38545,Unisex,Footwear,Shoes,Casual Shoes,Grey,Summer,2012.0,Casual,Puma Unisex Grey Suede Archive Eco Shoes
48025,Women,Accessories,Watches,Watches,White,Winter,2016.0,Casual,Helix Women White Dial Watch
26105,Men,Apparel,Topwear,Shirts,Purple,Summer,2012.0,Formal,John Miller Men Striped Purple Shirt
41332,Women,Apparel,Topwear,Dupatta,Green,Winter,2012.0,Ethnic,Aurelia Women Green Dupatta
5851,Women,Accessories,Bags,Handbags,Black,Summer,2011.0,Casual,ADIDAS Women Style Black Handbag
12034,Men,Apparel,Topwear,Shirts,Brown,Fall,2011.0,Formal,Mark Taylor Men Brown Striped Shirts
39578,Women,Footwear,Shoes,Heels,Bronze,Winter,2015.0,Casual,Catwalk Women Bronze Heels
36561,Men,Apparel,Topwear,Tshirts,Grey,Summer,2012.0,Casual,Jack & Jones Men Dino Grey T-shirt
37415,Women,Accessories,Bags,Handbags,Maroon,Summer,2012.0,Casual,Murcia Women Shiny Textured Maroon Handbag
29496,Women,Accessories,Watches,Watches,White,Winter,2016.0,Casual,Giordano Women White Chronograph Watch
52444,Women,Apparel,Loungewear and Nightwear,Nightdress,Purple,Winter,2015.0,Casual,Red Rose White & Purple Nightdress
57135,Women,Apparel,Topwear,Tops,Green,Summer,2012.0,Casual,Elle Women Olive Green Top
29566,Men,Footwear,Shoes,Casual Shoes,Blue,Summer,2012.0,Casual,Vans Men Sk8-Hi Blue Shoes
16026,Men,Apparel,Topwear,Shirts,Purple,Fall,2011.0,Casual,Highlander Men Check Purple Shirt
47157,Men,Accessories,Belts,Belts,Brown,Summer,2012.0,Casual,Peter England Men Brown Belt
58987,Women,Personal Care,Fragrance,Deodorant,Lavender,Spring,2017.0,Casual,Cavallini Women Deo
13645,Women,Footwear,Shoes,Flats,Brown,Fall,2011.0,Casual,Carlton London Women Casual Brown Sandals
2982,Women,Apparel,Topwear,Tops,White,Fall,2011.0,Casual,Puma Women White Top
33929,Women,Accessories,Watches,Watches,Silver,Winter,2016.0,Casual,Citizen Women White Dial Watch
18546,Women,Footwear,Shoes,Heels,Tan,Winter,2015.0,Casual,Catwalk Women Tan Heels
16517,Men,Apparel,Bottomwear,Jeans,Blue,Fall,2011.0,Casual,Locomotive Men Washed Blue Jeans
34689,Boys,Apparel,Topwear,Shirts,White,Summer,2012.0,Casual,Allen Solly Kids Boys Oxford White Shirt
14091,Women,Apparel,Topwear,Sweaters,Peach,Fall,2011.0,Casual,Flying Machine Women Solid Peach Sweaters
39452,Women,Apparel,Topwear,Kurtas,Blue,Summer,2012.0,Ethnic,Diva Women Printed Blue Kurta
29199,Men,Accessories,Socks,Socks,Grey,Summer,2012.0,Sports,Fila Men Grey Socks
48370,Men,Apparel,Topwear,Shirts,Brown,Summer,2012.0,Casual,French Connection Men Brown & Beige Shirt
21713,Men,Accessories,Watches,Watches,Blue,Winter,2016.0,Casual,Fossil Men Blue Dial Chronograph Watch CH2752
8135,Women,Accessories,Watches,Watches,Blue,Winter,2016.0,Casual,Fastrack Women Core Analog White Blue Watch
45832,Women,Apparel,Topwear,Kurtas,White,Summer,2012.0,Ethnic,Vishudh Women White Kurta
2297,Women,Apparel,Topwear,Tshirts,Pink,Fall,2010.0,Sports,Nike Women DPT Pink T-shirt
15526,Women,Footwear,Shoes,Heels,Brown,Fall,2011.0,Casual,Rockport Women Jeanie Oneband Brown Flats
11100,Men,Apparel,Topwear,Shirts,Purple,Fall,2011.0,Formal,Indigo Nation Men Stripes Purple Shirts
17494,Men,Footwear,Flip Flops,Flip Flops,Navy Blue,Spring,2012.0,Casual,Puma Men Navy Blue Drifter Cat II Flip Flops
58002,Women,Apparel,Dress,Dresses,Green,Fall,2012.0,Casual,Latin Quarters Women Green Printed Dress
6912,Women,Footwear,Shoes,Flats,Black,Fall,2012.0,Casual,Timberland Women Nekkol Convertable Black Sports Sandals
15190,Men,Apparel,Topwear,Tshirts,Navy Blue,Fall,2011.0,Casual,Arrow Sport Men Solid Navy Blue Polo Tshirts
14921,Men,Apparel,Topwear,Tshirts,Teal,Fall,2011.0,Casual,Mr. Men Men Beware Teal Tshirts
23240,Women,Apparel,Topwear,Kurtas,Blue,Fall,2011.0,Ethnic,Aneri Women Ashna Blue Kurta
24984,Men,Apparel,Topwear,Tshirts,Navy Blue,Summer,2012.0,Casual,United Colors of Benetton Men Navy Blue Printed T-shirt
51630,Women,Accessories,Watches,Watches,White,Winter,2016.0,Casual,Fossil Women White Dial Chronograph Watch ES2944
38946,Girls,Apparel,Topwear,Tops,Green,Summer,2012.0,Casual,Gini and Jony Girls Printed Green Top
18707,Women,Apparel,Innerwear,Briefs,Pink,Winter,2015.0,Casual,Hanes Women Pack of Three 100% Cotton Plain Hipsters
57938,Men,Footwear,Sandal,Sports Sandals,Brown,Fall,2012.0,Casual,Clarks Men Brown Sandals
48929,Women,Accessories,Jewellery,Ring,Silver,Fall,2012.0,Casual,Lucera Women Silver Ring
21359,Women,Accessories,Eyewear,Sunglasses,Brown,Winter,2016.0,Casual,Van Heusen Women Brown Printed Oversized Sunglasses VH203-C3
8359,Girls,Apparel,Topwear,Tshirts,Pink,Fall,2011.0,Casual,Doodle Girl's Princess Cute Little Pink Kidswear
25526,Women,Apparel,Topwear,Tops,Red,Summer,2012.0,Casual,Wrangler Women Poppins Red Top
41689,Women,Footwear,Shoes,Heels,Red,Winter,2012.0,Casual,Catwalk Women Red Flats
55914,Women,Personal Care,Nails,Nail Polish,Brown,Spring,2017.0,Casual,Colorbar Earthen Rose Nail Lacquer 68
9436,Unisex,Accessories,Headwear,Caps,Black,Fall,2011.0,Casual,Nike Unisex Rafa Bull Log Black Caps
44756,Men,Footwear,Shoes,Casual Shoes,Grey,Summer,2012.0,Casual,Globalite Men Grey Max Shoes
2878,Women,Footwear,Shoes,Heels,Brown,Winter,2015.0,Casual,Catwalk Women Royalty Brown Flats
39309,Men,Footwear,Shoes,Casual Shoes,Brown,Winter,2018.0,Casual,Red Chief Men Brown Shoes
40754,Women,Footwear,Flip Flops,Flip Flops,White,Winter,2012.0,Casual,Roxy Women White Flip Flops
57847,Unisex,Accessories,Bags,Handbags,Black,Summer,2012.0,Casual,Lino Perros Unisex Black Sling Bag
33135,Women,Footwear,Shoes,Heels,Bronze,Winter,2015.0,Ethnic,Catwalk Women Bronze Heels
31861,Men,Accessories,Watches,Watches,Black,Winter,2016.0,Casual,Titan Men Chronograph Black Dial Watch
9462,Men,Apparel,Topwear,Shirts,White,Fall,2011.0,Formal,John Miller Men White Check Shirt
36910,Men,Accessories,Wallets,Wallets,Black,Winter,2016.0,Casual,Fossil Men Black Transit Wallet
5483,Men,Footwear,Shoes,Sports Shoes,Black,Summer,2011.0,Sports,Nike Men's Nike Streegato Black Shoe
6594,Women,Apparel,Topwear,Tops,White,Summer,2011.0,Casual,Spykar Women Day Beach White Top
52317,Women,Accessories,Jewellery,Bangle,Green,Winter,2016.0,Casual,ToniQ Women Set of 3 Bangles
17064,Women,Accessories,Belts,Belts,Navy Blue,Winter,2015.0,Casual,Lino Perros Women Weaved  Navy Blue Belt
38449,Women,Accessories,Bags,Handbags,Green,Summer,2012.0,Casual,Baggit Women Green Bag
38566,Men,Apparel,Bottomwear,Shorts,Black,Fall,2012.0,Sports,Nike Men Woven Black Shorts
53409,Women,Apparel,Topwear,Kurtas,White,Fall,2012.0,Ethnic,Alma Women Printed White Kurta
43286,Women,Free Items,Free Gifts,Free Gifts,Maroon,Summer,2015.0,Casual,Murcia Women Maroon Satchel
37965,Women,Footwear,Shoes,Heels,Black,Winter,2013.0,Casual,Clarks Women Santa Rock Black Leather Flats
44100,Men,Personal Care,Fragrance,Perfume and Body Mist,Black,Spring,2017.0,Casual,Baldessarini Men Private Affairs 90 ml Perfume
12244,Men,Apparel,Topwear,Shirts,Blue,Winter,2011.0,Formal,Genesis Blue Striped Formal Shirt
21153,Men,Apparel,Topwear,Sweatshirts,Grey,Fall,2011.0,Casual,s.Oliver Men Printed Grey Sweatshirt
8315,Men,Apparel,Topwear,Tshirts,Blue,Spring,2013.0,Casual,Wildcraft Men Organic Cotton Blue T-shirt
29434,Men,Accessories,Watches,Watches,White,Winter,2016.0,Casual,Giordano Men White Dial Watch
58913,Men,Accessories,Ties,Ties,Red,Summer,2012.0,Casual,Hakashi Men Red Silk Tie
13883,Men,Apparel,Topwear,Shirts,Purple,Fall,2011.0,Casual,Scullers Men Check Purple Shirts
17835,Women,Footwear,Flip Flops,Flip Flops,Purple,Fall,2011.0,Casual,Nike Women Solarsoft Thong Purple Slipper
52751,Women,Personal Care,Fragrance,Deodorant,Pink,Spring,2017.0,Casual,Reebok Women Reebounce Deo
38843,Women,Apparel,Dress,Dresses,Navy Blue,Summer,2012.0,Casual,Latin Quarters Women Zip Piping Navy Blue Dress
37931,Women,Apparel,Topwear,Tunics,Peach,Summer,2012.0,Casual,Mineral Women Peach Tunic
50648,Men,Apparel,Loungewear and Nightwear,Lounge Pants,Black,Fall,2016.0,Casual,Chromozome Men Black Lounge Pants S-4801
51354,Women,Apparel,Bottomwear,Jeans,Blue,Summer,2012.0,Casual,Spykar Women Light Blue Jeans
55560,Women,Personal Care,Skin Care,Face Moisturisers,Gold,Spring,2017.0,Casual,Revlon Age Defying Sculpt -Logic Re-shaping Day Cream
23217,Women,Apparel,Topwear,Kurtas,Purple,Fall,2012.0,Ethnic,Aneri Women Neeru Brown and Purple Printed Kurta
46991,Women,Apparel,Topwear,Kurtas,Green,Fall,2012.0,Ethnic,Shree Women Green & Maroon  Embroidered Kurta
6374,Men,Footwear,Shoes,Casual Shoes,Red,Summer,2011.0,Casual,Numero Uno Men's Canvas Red Shoe
38490,Boys,Apparel,Topwear,Tshirts,White,Summer,2012.0,Casual,Gini and Jony Boys Pack Of Two White T-shirt
46984,Women,Accessories,Bags,Handbags,Black,Summer,2012.0,Casual,Bulchee Women Black Handbag
52581,Women,Accessories,Bags,Clutches,Peach,Summer,2012.0,Casual,Mod'acc Women Peach Clutch
28879,Women,Apparel,Bottomwear,Leggings,Red,Summer,2012.0,Casual,BIBA OUTLET Women Red Leggings
48080,Men,Apparel,Topwear,Tshirts,Olive,Summer,2012.0,Casual,French Connection Men Olive Green T-shirt
32208,Women,Apparel,Topwear,Kurtas,Orange,Summer,2012.0,Ethnic,Fabindia Women Orange Kurta
41854,Men,Accessories,Accessories,Messenger Bag,Navy Blue,Summer,2012.0,Casual,Probase Men Navy Blue Messenger Bag
34388,Men,Apparel,Topwear,Tshirts,Red,Summer,2012.0,Casual,Myntra Men Red Life Is My Right T-shirt
29675,Men,Apparel,Topwear,Shirts,Black,Summer,2012.0,Formal,Indigo Nation Men Black Shirt
55866,Women,Personal Care,Nails,Nail Polish,Blue,Spring,2017.0,Casual,Colorbar Turquoise Nail Lacquer 88
59643,Women,Apparel,Saree,Sarees,Grey,Fall,2012.0,Ethnic,FNF Multicoloured Evening Wear Sari
33310,Men,Apparel,Topwear,Tshirts,White,Summer,2012.0,Casual,Jack & Jones Men White & Green Polo T-shirt
34927,Women,Apparel,Topwear,Dupatta,Brown,Summer,2012.0,Ethnic,Fabindia Brown Dupatta
26936,Women,Apparel,Topwear,Tshirts,White,Summer,2012.0,Casual,Jealous 21 Women Printed White Top
32969,Men,Apparel,Topwear,Tshirts,Blue,Summer,2012.0,Casual,Angry Birds Men Printed Blue T-shirt
42062,Unisex,Accessories,Bags,Mobile Pouch,Green,Summer,2012.0,Casual,American Tourister Unisex Green Camera Bag
45878,Men,Accessories,Watches,Watches,White,Winter,2016.0,Casual,Maxima Men White Dial Watch
12622,Men,Apparel,Topwear,Tshirts,Blue,Fall,2011.0,Casual,Probase Men Printed Blue Tshirts
31320,Women,Apparel,Topwear,Kurtas,Off White,Summer,2012.0,Ethnic,Aurelia Women Printed Red Kurta
54035,Women,Accessories,Bags,Handbags,Brown,Summer,2012.0,Casual,Kiara Women Brown Handbag
20226,Women,Apparel,Topwear,Sweaters,Blue,Fall,2011.0,Casual,Wrangler Women Shawl Collar Blue Sweater
45850,Women,Apparel,Topwear,Kurtas,Blue,Summer,2012.0,Ethnic,Vishudh Women Blue Kurta
56650,Women,Apparel,Topwear,Kurtis,Purple,Fall,2012.0,Ethnic,Mumbai Slang Women Purple Kurti
8081,Men,Footwear,Shoes,Sports Shoes,Blue,Fall,2011.0,Sports,ADIDAS Men Predito Trx HG Blue Sports Shoes
6310,Unisex,Footwear,Flip Flops,Flip Flops,Black,Winter,2011.0,Casual,Puma Unisex Issac Black Yellow Flip Flop
15587,Men,Apparel,Topwear,Shirts,Pink,Fall,2011.0,Casual,Spykar Men Stripes Pink Shirts
34232,Men,Apparel,Topwear,Tshirts,Grey,Summer,2013.0,Casual,Proline Men Grey T-shirt
39150,Women,Apparel,Topwear,Kurtas,White,Summer,2012.0,Ethnic,Aneri Women White Kurta
48492,Women,Apparel,Topwear,Tops,Beige,Winter,2011.0,Casual,French Connection Women Beige Top
17549,Men,Apparel,Topwear,Shirts,Grey,Fall,2011.0,Formal,Mark Taylor Men Grey & White Striped Shirt
32341,Men,Accessories,Watches,Watches,Black,Winter,2016.0,Casual,Q&Q Men Black Dial Watch
59458,Women,Accessories,Jewellery,Ring,Silver,Summer,2015.0,Casual,Lucera Silver Ring
50278,Men,Footwear,Shoes,Formal Shoes,Brown,Summer,2012.0,Formal,Arrow Men Brown Formal Shoes
11886,Men,Footwear,Shoes,Formal Shoes,Black,Summer,2011.0,Formal,Franco Leone Men Formal Black Formal Shoes
52091,Women,Apparel,Topwear,Tshirts,Green,Summer,2012.0,Casual,Myntra Women Green T-shirt
10254,Women,Accessories,Bags,Handbags,Grey,Winter,2015.0,Casual,Murcia Women Hddcs Grey Handbags
4970,Men,Apparel,Topwear,Tshirts,Blue,Summer,2011.0,Casual,Gini and Jony Boy's Kay Blue Infant Kidswear
22746,Women,Apparel,Topwear,Kurtas,Red,Fall,2011.0,Ethnic,BIBA Women Printed Red Kurta
59989,Women,Apparel,Dress,Dresses,Black,Fall,2012.0,Party,Avirate Women Black Dress
45499,Women,Apparel,Bottomwear,Capris,Navy Blue,Summer,2012.0,Casual,Fila Women Navy Blue Savari 3/4th Pants
19728,Women,Apparel,Topwear,Shirts,Purple,Summer,2011.0,Casual,United Colors of Benetton Women Solid Purple Shirt
3337,Men,Apparel,Topwear,Tshirts,Black,Summer,2011.0,Casual,Myntra Hero Within Black T-shirt
21696,Women,Accessories,Watches,Watches,Green,Winter,2016.0,Casual,Fossil Women Green Dial Watch ES2951
47197,Men,Footwear,Sandal,Sandals,Black,Summer,2010.0,Casual,Franco Leone Men Black Sandals
46335,Women,Footwear,Shoes,Sports Shoes,Black,Summer,2012.0,Sports,Reebok Women Black Zignano Race Sports Shoes
48499,Women,Apparel,Bottomwear,Jeans,Grey,Winter,2011.0,Casual,French Connection Women Black Jeans
27306,Men,Personal Care,Fragrance,Deodorant,Grey,Spring,2017.0,Casual,ADIDAS Men Dynamic Pulse Deo
20216,Men,Apparel,Topwear,Sweaters,Red,Fall,2011.0,Casual,Wrangler Men Rib Red Sweater
12724,Men,Footwear,Shoes,Casual Shoes,Black,Fall,2011.0,Casual,ADIDAS Men Treklite Black Casual Shoes
49957,Men,Apparel,Bottomwear,Shorts,Grey Melange,Winter,2016.0,Casual,Hanes Men Grey Panelled 3/4th Pants
35019,Women,Accessories,Stoles,Stoles,Grey,Summer,2012.0,Ethnic,Fabindia Women Chanderi Grey Stole
25107,Women,Accessories,Belts,Belts,Cream,Winter,2015.0,Casual,Lino Perros Women Camel Belt
8313,Women,Accessories,Bags,Handbags,Black,Winter,2016.0,Casual,Fastrack Women Nylon Black Handbag
21676,Men,Accessories,Watches,Watches,Black,Winter,2016.0,Casual,Fossil Men Black Dial Chronograph Watch CH2673
39588,Women,Footwear,Shoes,Heels,Black,Winter,2015.0,Casual,Catwalk Women Black Wedges
16110,Men,Accessories,Eyewear,Sunglasses,Brown,Winter,2016.0,Casual,M tv Men My Fab Eyewear Brown Sunglasses
15892,Girls,Footwear,Shoes,Casual Shoes,Blue,Spring,2013.0,Casual,Warner Bros Tweety Girls Blue and White Casual Shoes
47168,Women,Footwear,Shoes,Sports Shoes,Grey,Summer,2012.0,Sports,Skechers Women Grey Shape Ups Sports Shoes
36527,Women,Accessories,Belts,Belts,Cream,Summer,2012.0,Casual,United Colors of Benetton Women Cream Belt
48851,Women,Accessories,Jewellery,Pendant,Silver,Summer,2012.0,Casual,Lucera Women Silver Pendant
51883,Women,Accessories,Wallets,Wallets,Green,Summer,2016.0,Casual,Nyk Women Green Wallet
32185,Men,Footwear,Flip Flops,Flip Flops,Red,Fall,2012.0,Casual,ADIDAS Men Adi Surge Red Flip Flops
35023,Women,Accessories,Stoles,Stoles,Purple,Summer,2012.0,Casual,Fabindia Women Purple & Red Chanderi Hand Printed Stole
54575,Women,Apparel,Topwear,Kurtas,Maroon,Summer,2012.0,Ethnic,Sushilas Women Printed Maroon Kurta
24948,Women,Apparel,Topwear,Tshirts,Black,Summer,2012.0,Casual,United Colors of Benetton Women Black T-shirt
12947,Men,Apparel,Topwear,Tshirts,Blue,Fall,2011.0,Casual,Basics Men Blue Striped T-shirt
18531,Boys,Accessories,Watches,Watches,Orange,Winter,2016.0,Casual,Chhota Bheem Analog Kids-Boys Orange Watch
10450,Men,Apparel,Topwear,Tshirts,Blue,Fall,2011.0,Casual,Flying Machine Men Blue Polo Tshirts
44914,Men,Apparel,Bottomwear,Track Pants,Blue,Summer,2012.0,Casual,Puma Men Blue Track Pants
18958,Men,Apparel,Topwear,Sweaters,Blue,Fall,2011.0,Casual,United Colors of Benetton Men Stripes Blue Sweater
48347,Women,Accessories,Jewellery,Necklace and Chains,Gold,Fall,2012.0,Casual,Pitaraa Golden Necklace
31189,Men,Accessories,Wallets,Wallets,Brown,Summer,2012.0,Casual,Cabarelli Men Brown Wallet
49025,Women,Accessories,Jewellery,Ring,Silver,Summer,2013.0,Casual,Lucera Women Setbof Two  Silver Ring
24052,Men,Apparel,Topwear,Tshirts,Blue,Fall,2011.0,Casual,Locomotive Men Printed Blue T-shirt
29102,Men,Accessories,Wallets,Wallets,Black,Summer,2012.0,Casual,Puma Men Ferrari LS Black  Wallet
56327,Women,Accessories,Watches,Watches,White,Winter,2016.0,Casual,Fastrack Women White Dial Watch
57608,Women,Personal Care,Skin Care,Toner,Rose,Spring,2017.0,,Lotus Herbals Rosetone Facial Skin Toner
11003,Men,Accessories,Watches,Watches,Red,Winter,2016.0,Casual,Puma Men Fluctuation Red Dial Watch
23245,Men,Footwear,Shoes,Formal Shoes,Coffee Brown,Fall,2011.0,Formal,Arrow Men Formal Coffee Brown Shoes
32312,Women,Accessories,Watches,Watches,Pink,Winter,2016.0,Casual,Q&Q Women Pink Dial Watch
3825,Unisex,Footwear,Sandal,Sandals,Navy Blue,Summer,2015.0,Casual,Crocs Unisex Navy Blue Clogs
56977,Women,Footwear,Shoes,Heels,White,Winter,2012.0,Casual,HM Women White Sandals
1976,Men,Apparel,Bottomwear,Shorts,White,Summer,2011.0,Casual,Tribord Mens Short Cargo Shorts
42070,Men,Accessories,Wallets,Wallets,Black,Summer,2012.0,Casual,American Tourister Men Black Wallet
47114,Boys,Footwear,Flip Flops,Flip Flops,Navy Blue,Fall,2012.0,Casual,Marvel Boys Navy Blue Slippers
26138,Men,Apparel,Bottomwear,Trousers,Black,Summer,2012.0,Formal,John Miller Men Black Trousers
10317,Women,Accessories,Watches,Watches,Silver,Winter,2016.0,Casual,Esprit Women Purple Silicon Silver Watches
39491,Unisex,Accessories,Wallets,Wallets,Black,Winter,2015.0,Casual,Wildcraft Unisex Black Wallet
6036,Women,Apparel,Topwear,Tshirts,Black,Summer,2011.0,Casual,UCB Womens Photographic Print Black T-shirt
15475,Men,Apparel,Topwear,Tshirts,Blue,Fall,2011.0,Casual,Puma Men Logo Blue Tshirts
22122,Men,Footwear,Shoes,Formal Shoes,Black,Summer,2011.0,Formal,Provogue Men Black Formal Shoes
33982,Women,Apparel,Bottomwear,Stockings,Black,Summer,2012.0,Casual,Femella Women Black Stockings
6065,Men,Apparel,Topwear,Shirts,Pink,Summer,2011.0,Casual,UCB Men Striper Mandarin Collar Light Pink Shirt
29783,Men,Apparel,Topwear,Tshirts,Purple,Summer,2013.0,Casual,Basics Men Purple T-shirt
48361,Men,Apparel,Topwear,Shirts,Blue,Summer,2012.0,Casual,French Connection Men Blue Shirt
5994,Men,Apparel,Topwear,Shirts,Grey,Summer,2011.0,Casual,Highlander Men Grey Checked Slim Fit Shirt
26785,Men,Personal Care,Fragrance,Deodorant,Red,Spring,2017.0,Casual,Reebok Men Pack of 3 Deos
20048,Women,Accessories,Headwear,Caps,Green,Fall,2011.0,Casual,United Colors of Benetton Women Solid Green Cap
47229,Men,Footwear,Sandal,Sandals,Black,Summer,2012.0,Casual,Franco Leone Men Black Sandals
18717,Women,Apparel,Topwear,Tops,Black,Fall,2011.0,Casual,Arrow Woman Victoria Black Top
29246,Men,Apparel,Topwear,Tshirts,Blue,Summer,2012.0,Sports,ADIDAS Men Orlando Blue Jersey
50488,Men,Apparel,Innerwear,Trunk,Black,Winter,2016.0,Casual,Chromozome Men Black Trunks
19843,Men,Apparel,Topwear,Shirts,Green,Fall,2011.0,Casual,U.S. Polo Assn. Men Check Green Shirt
39773,Men,Apparel,Topwear,Shirts,Navy Blue,Summer,2012.0,Casual,Peter England Men Navy Blue Casual Shirt
47455,Women,Footwear,Shoes,Heels,Purple,Summer,2012.0,Casual,Tiptopp Women Purple Flip-Flops
11901,Men,Footwear,Shoes,Formal Shoes,Maroon,Fall,2011.0,Formal,Franco Leone Men Formal Maroon Formal Shoes
10181,Women,Accessories,Watches,Watches,Black,Winter,2016.0,Casual,Puma Women Pliancy Black Watches
31720,Girls,Accessories,Jewellery,Earrings,Silver,Summer,2012.0,Ethnic,Fabindia Girls Anusuya Silver Earrings
38042,Men,Accessories,Watches,Watches,Black,Winter,2016.0,Casual,Q&Q Attractive Men Black Dial Watch
29456,Men,Accessories,Watches,Watches,White,Winter,2016.0,Casual,Giordano Men White Dial Watch
28681,Men,Apparel,Topwear,Tshirts,Blue,Summer,2012.0,Casual,Proline Men Blue Printed T-shirt
13379,Unisex,Footwear,Shoes,Casual Shoes,Grey,Fall,2012.0,Casual,Timberland Unisex Infant Grey Casual Shoes
5734,Men,Footwear,Shoes,Sports Shoes,White,Summer,2011.0,Sports,Reebok Men's Dhoni Trainer White Shoe
26487,Men,Apparel,Topwear,Tshirts,Black,Summer,2012.0,Casual,Puma Men Tech Graphic Black T-shirt
18039,Women,Accessories,Bags,Handbags,Grey,Winter,2015.0,Casual,Lino Perros Women Solid Grey Handbag
56160,Women,Personal Care,Makeup,Kajal and Eyeliner,Green,Spring,2017.0,Casual,Colorbar I-Glide Jaded Eye Pencil 03
15558,Men,Apparel,Topwear,Shirts,White,Fall,2011.0,Casual,Spykar Men Check White Shirts
13868,Men,Apparel,Topwear,Shirts,Blue,Fall,2011.0,Casual,Scullers Men Stripes Blue Shirts
25617,Women,Accessories,Watches,Watches,Silver,Winter,2016.0,Casual,Fastrack Women Silver Casual Watch
16759,Women,Accessories,Bags,Handbags,White,Winter,2015.0,Casual,Spice Art Women Copper Glass White Handbags
16143,Women,Apparel,Topwear,Tshirts,Pink,Fall,2011.0,Casual,Tokyo Talkies Women Printed Pink T-shirt
21534,Women,Accessories,Bags,Handbags,Black,Winter,2015.0,Casual,Kiara Women Classic Black Handbag
43178,Men,Accessories,Watches,Watches,Silver,Winter,2016.0,Casual,Fastrack Men Silver Dial Watch
36664,Women,Accessories,Bags,Handbags,Brown,Summer,2012.0,Casual,Paridhan Women Brown Handbag
28816,Men,Apparel,Bottomwear,Jeans,Blue,Summer,2012.0,Casual,Denizen Men Blue Jeans
28322,Men,Footwear,Sandal,Sandals,Black,Winter,2018.0,Casual,Red Tape Men Casual Black Sandals
6774,Men,Apparel,Topwear,Shirts,Blue,Summer,2011.0,Casual,Timberland Men Claremont Popl Blue Shirt
55513,Women,Personal Care,Hair,Hair Colour,Brown,Spring,2017.0,Casual,Revlon ColorSilk Luminista Golden Brown Hair Colour 120
33162,Women,Apparel,Topwear,Tunics,Purple,Summer,2012.0,Casual,Sepia Women Purple Tunic
30624,Men,Apparel,Topwear,Tshirts,Red,Summer,2012.0,Casual,Nike Men Printed Red T-shirt
15744,Women,Footwear,Shoes,Sports Shoes,White,Fall,2011.0,Sports,Nike Women Lunarglide+ 3 White Sports Shoes
8967,Men,Footwear,Shoes,Sports Shoes,Black,Fall,2011.0,Sports,Puma Men Drift Cat III SF NM Black Sports Shoes
45926,Men,Accessories,Watches,Watches,Black,Winter,2016.0,Casual,Maxima Ssteele Men Black Dial Watch
14169,Men,Accessories,Belts,Belts,Black,Fall,2011.0,Formal,Belmonte Men Authentic Black Belts
49054,Women,Accessories,Jewellery,Ring,Silver,Fall,2012.0,Casual,Lucera Women Silver Ring
49068,Women,Accessories,Bags,Handbags,Orange,Summer,2012.0,Casual,Lino Perros Women Orange Handbag
11028,Women,Apparel,Topwear,Tunics,Blue,Fall,2011.0,Casual,Wrangler Women Blue Kangroo Pocket Tunic
6443,Women,Footwear,Flip Flops,Flip Flops,Black,Summer,2011.0,Casual,Lotto Women's Wave Chic Beige Grey Flip Flop
43483,Men,Apparel,Topwear,Shirts,Maroon,Summer,2012.0,Casual,French Connection Men Maroon Check Shirt
24876,Women,Apparel,Dress,Dresses,Blue,Summer,2012.0,Casual,United Colors of Benetton Women Blue Striped Dress
13837,Unisex,Accessories,Watches,Watches,White,Winter,2016.0,Casual,ADIDAS Unisex White Strap White Watches
11297,Men,Apparel,Bottomwear,Jeans,Blue,Fall,2011.0,Casual,Wrangler Men Blue Custom Jeans
30862,Women,Apparel,Topwear,Kurtas,Orange,Summer,2012.0,Ethnic,Fabindia Women Orange Kurta
54003,Women,Accessories,Bags,Handbags,Brown,Summer,2012.0,Casual,Kiara Women Brown Handbag
46963,Boys,Footwear,Flip Flops,Flip Flops,Green,Fall,2012.0,Casual,Jungle Book Boys Green Slippers
15682,Men,Apparel,Bottomwear,Trousers,Beige,Fall,2011.0,Casual,Highlander Men Classic Chinosdk.Cream Trousers
19551,Men,Apparel,Topwear,Sweatshirts,Blue,Summer,2011.0,Casual,United Colors of Benetton Men Solid Blue SweatShirt
40071,Women,Apparel,Bottomwear,Tights,Purple,Summer,2012.0,Casual,ADIDAS Women Purple Tights
3971,Women,Apparel,Topwear,Tops,Purple,Summer,2011.0,Casual,Jealous 21 Women Purple Basic Top
36498,Women,Apparel,Topwear,Kurtas,Green,Summer,2012.0,Ethnic,Folklore Women Green Kurta
22915,Women,Accessories,Eyewear,Sunglasses,Black,Winter,2016.0,Casual,United Colors of Benetton Women Casual Olive Sunglasses
25438,Men,Accessories,Wallets,Wallets,Black,Summer,2012.0,Casual,Lee Men Fashion Black Wallet
58320,Men,Accessories,Socks,Socks,White,Summer,2016.0,Sports,Jockey LCESCBRA Men White Pack of 3 Socks 2004
34046,Boys,Apparel,Topwear,Shirts,White,Summer,2012.0,Casual,Gini and Jony Boys White Shirt
17911,Women,Apparel,Topwear,Jackets,Black,Fall,2011.0,Casual,Nike Women Sptcas Black Jacket
10300,Men,Footwear,Sandal,Sandals,Brown,Summer,2016.0,Casual,Clarks Men Brown Wild Vibe Leather Closed Sandals
22645,Unisex,Accessories,Bags,Duffel Bag,Grey,Winter,2015.0,Casual,Wildcraft Unisex Grey Duffle Bag
2061,Men,Apparel,Topwear,Tshirts,Blue,Winter,2010.0,Casual,Lee Men's Progress Marches On T-shirt
57193,Women,Apparel,Topwear,Tunics,Pink,Summer,2012.0,Casual,Elle Women Pink Tunic
30064,Men,Accessories,Watches,Watches,Black,Winter,2016.0,Casual,Ed Hardy Men Grey Dial Watch
17977,Men,Footwear,Shoes,Sports Shoes,Black,Fall,2011.0,Sports,Puma Men Wirko Black Sports Shoe
8441,Women,Apparel,Topwear,Tops,Blue,Fall,2011.0,Casual,Jealous 21 Women Jealous Ece Blue Top Blue Tops
28560,Men,Apparel,Topwear,Tshirts,Black,Summer,2012.0,Casual,Nike Men Neon Black T-shirt
7103,Unisex,Accessories,Bags,Backpacks,Grey,Winter,2015.0,Casual,Wildcraft Unisex Grey Backpack
36237,Women,Apparel,Topwear,Kurtas,White,Summer,2012.0,Ethnic,W Women White & Blue Printed Kurta
2636,Men,Footwear,Sandal,Sandals,Brown,Fall,2010.0,Casual,Carlton London Men Brown Strapped Sandal
47624,Women,Footwear,Shoes,Heels,Maroon,Fall,2014.0,Casual,Portia Women Maroon Flats
6945,Women,Apparel,Topwear,Tshirts,Blue,Summer,2011.0,Casual,s.Oliver Women Blue T-shirt
28662,Men,Footwear,Shoes,Casual Shoes,Black,Summer,2012.0,Casual,Nike Men Lunar Flow Black Casual Shoes
44841,Men,Apparel,Topwear,Tshirts,Blue,Summer,2012.0,Casual,Puma Men Light Blue T-shirt
51706,Men,Accessories,Eyewear,Sunglasses,Black,Winter,2016.0,Casual,Van Heusen Men Black Sunglasses
48914,Women,Accessories,Jewellery,Pendant,Silver,Summer,2012.0,Casual,Lucera Women Silver Pendant with Chain
47400,Women,Accessories,Bags,Mobile Pouch,Teal,Summer,2012.0,Casual,Baggit Women Teal Aandhi Anna Mobile Pouch
57519,Men,Footwear,Shoes,Casual Shoes,Black,Fall,2012.0,Casual,Provogue Men Black Casual Shoes
27027,Women,Apparel,Bottomwear,Shorts,Blue,Summer,2012.0,Casual,Jealous 21 Women Blue Shorts
14604,Men,Accessories,Socks,Socks,Green,Summer,2011.0,Casual,United Colors of Benetton Men Stripes Green Socks
5149,Women,Apparel,Topwear,Tshirts,White,Summer,2011.0,Casual,Wrangler Women's Sequin White T-shirt
7368,Men,Footwear,Sandal,Sandals,Brown,Winter,2018.0,Casual,Red Tape Men Casual Brown Floater
45410,Women,Footwear,Shoes,Flats,White,Summer,2012.0,Casual,Rocia Women White & Brown Sandals
42410,Men,Apparel,Innerwear,Briefs,White,Summer,2016.0,Casual,Basics Men White Hip Brief
6874,Women,Apparel,Dress,Dresses,Pink,Summer,2011.0,Casual,Forever New Women Pink Sleeveless Dress
32727,Unisex,Footwear,Shoes,Casual Shoes,Black,Summer,2012.0,Casual,Fila Unisex Skeletoes 2.0 Black Shoes
36725,Boys,Apparel,Topwear,Tshirts,Green,Summer,2012.0,Casual,Gini and Jony Boys Polo Green T-Shirt
10492,Women,Apparel,Topwear,Shirts,Orange,Fall,2011.0,Casual,Flying Machine Women HS Orange Shirt
48671,Women,Accessories,Jewellery,Earrings,Silver,Summer,2013.0,Casual,Lucera Women Silver Earrings
2145,Men,Apparel,Topwear,Tshirts,Green,Spring,2011.0,Casual,Basics Men Green Striped Polo T-shirt
6689,Unisex,Accessories,Socks,Socks,White,Summer,2011.0,Casual,Asics Unisex 2 Pairs 5 Toes SVS White Black Socks
39287,Men,Footwear,Sandal,Sandals,Black,Summer,2018.0,Casual,Red Chief Men Black Sandals
57150,Women,Apparel,Topwear,Tops,White,Summer,2012.0,Casual,Elle Women White Top
25966,Women,Apparel,Dress,Dresses,Brown,Summer,2012.0,Casual,Femella Women Brown Dress
15235,Men,Footwear,Shoes,Casual Shoes,Black,Fall,2011.0,Casual,ADIDAS Originals Men Chase Black Casual Shoes
59566,Men,Accessories,Cufflinks,Cufflinks,Steel,Summer,2012.0,Casual,Revv Men Black Cufflinks
7148,Women,Apparel,Topwear,Tops,Grey,Fall,2011.0,Casual,Scullers For Her Women's Wow Knit Grey Top
8080,Men,Footwear,Shoes,Sports Shoes,White,Fall,2011.0,Sports,ADIDAS Men Barracks Premier White Sports Shoes
46803,Men,Footwear,Shoes,Sports Shoes,White,Summer,2012.0,Sports,Nike Men White Sports Shoes
28694,Women,Apparel,Topwear,Kurtas,Black,Summer,2012.0,Ethnic,W Women Printed Black Kurta
5353,Women,Footwear,Shoes,Sports Shoes,Blue,Fall,2011.0,Sports,Kalenji Ekiden 50 Women
59704,Women,Apparel,Innerwear,Briefs,Red,Summer,2014.0,Casual,Avirate Red & White Brief
16746,Women,Accessories,Bags,Clutches,Cream,Winter,2015.0,Casual,Spice Art Women Zircons Cream Clutch
37237,Women,Footwear,Shoes,Flats,White,Summer,2012.0,Casual,United Colors of Benetton Women White Sandals
19877,Women,Footwear,Flip Flops,Flip Flops,White,Fall,2011.0,Casual,ADIDAS Women Psychedlic White Flip Flops
3771,Men,Apparel,Topwear,Tshirts,Green,Summer,2011.0,Casual,Status Quo Men's Green Polo T-shirt
50009,Women,Apparel,Innerwear,Bra,Grey,Winter,2015.0,Sports,Hanes Women Grey Cotton Stretch Moulded Contour Bra
39460,Women,Apparel,Topwear,Kurtas,White,Summer,2012.0,Ethnic,Diva Women White Printed Kurta
35579,Women,Footwear,Flip Flops,Flip Flops,Black,Summer,2013.0,Casual,Gliders Women Black Flip Flops
38966,Unisex,Accessories,Headwear,Caps,Beige,Summer,2015.0,Casual,Wildcraft Unisex Beige Safari Cap
15977,Men,Apparel,Topwear,Shirts,Red,Fall,2011.0,Casual,Turtle Solid Men Red Shirt
42175,Men,Apparel,Topwear,Tshirts,White,Summer,2017.0,Casual,Status Quo Men White T-shirt
11132,Men,Accessories,Watches,Watches,Black,Winter,2016.0,Casual,Puma Men Beat Black Dial Digital Watch
8986,Men,Footwear,Shoes,Casual Shoes,Red,Fall,2011.0,Casual,Puma Men Bluebird Red Shoe
49786,Women,Apparel,Loungewear and Nightwear,Night suits,Black,Summer,2012.0,Casual,Little Miss Intimates Black & White Pyjama Set
6495,Men,Footwear,Shoes,Casual Shoes,Black,Winter,2018.0,Casual,Red Tape Men's Casual Black Grey Shoe
33852,Women,Footwear,Shoes,Casual Shoes,Blue,Summer,2012.0,Casual,Puma Women Maya Shimmer Blue Shoes
5124,Women,Apparel,Topwear,Tshirts,Green,Summer,2011.0,Casual,Wrangler Women Short Placket Green Top
22343,Men,Apparel,Topwear,Tshirts,Navy Blue,Fall,2011.0,Casual,John Players Men Printed Navy Blue T-Shirt
20306,Women,Apparel,Topwear,Sweaters,Blue,Fall,2011.0,Casual,Jealous 21 Women Solid Blue Sweater
33075,Men,Apparel,Topwear,Tshirts,Blue,Summer,2012.0,Casual,U.S.Polo Assn. Men Blue & Orange Striped T-shirt
44554,Men,Footwear,Sandal,Sandals,Black,Summer,2012.0,Casual,Coolers Men Black Sandals
5002,Women,Apparel,Bottomwear,Shorts,Pink,Summer,2011.0,Casual,Gini and Jony Girl's Jolene Pink Kidswear
28884,Women,Apparel,Innerwear,Briefs,Pink,Summer,2012.0,Casual,Enamor Women Pink Low-Rise Bikini Brief
32947,Men,Footwear,Shoes,Casual Shoes,Navy Blue,Summer,2012.0,Casual,ADIDAS Neo Men Rugged Sail Navy Blue Shoes
25302,Women,Accessories,Wallets,Wallets,Red,Winter,2015.0,Casual,Lino Perros Women Leather Red Wallet
38467,Women,Accessories,Wallets,Wallets,Purple,Summer,2012.0,Casual,Baggit Women Purple Wallet
26123,Men,Apparel,Topwear,Shirts,Black,Summer,2012.0,Formal,John Miller Men Striped Black Shirt
34510,Women,Footwear,Sandal,Sports Sandals,Black,Summer,2012.0,Casual,ADIDAS Women Feather Black & Blue Sandals
43030,Men,Apparel,Topwear,Shirts,Navy Blue,Summer,2012.0,Casual,Scullers Men Navy Blue Shirt
39412,Men,Apparel,Topwear,Shirts,Orange,Summer,2014.0,Casual,U.S. Polo Assn. Orange Tailored Fit Striped Casual Shirt
14924,Men,Apparel,Topwear,Sweatshirts,Green,Fall,2011.0,Casual,Mr. Men Green Sweatshirt
9729,Men,Apparel,Topwear,Shirts,Blue,Fall,2011.0,Casual,Indian Terrain Men Brett Blue Shirts
9104,Men,Footwear,Shoes,Casual Shoes,White,Fall,2011.0,Casual,Puma Men Tergament White White Casual Shoes
5492,Men,Apparel,Topwear,Tshirts,Blue,Summer,2011.0,Casual,Mr.Men Men's Cool Indigo T-shirt
26635,Men,Footwear,Shoes,Casual Shoes,Black,Summer,2012.0,Casual,Puma Men Future Cat Black Casual Shoes
4204,Boys,Apparel,Topwear,Tshirts,White,Summer,2011.0,Casual,Disney Kids Boy's White Regatta Annual Competition Kidswear
54605,Men,Apparel,Innerwear,Briefs,White,Summer,2016.0,Casual,Jockey ELANCE Men White Brief 1004
6680,Men,Footwear,Shoes,Sports Shoes,Grey,Summer,2011.0,Sports,Nike Men's Zoom Vomero 5 Grey Blue Shoe
35701,Men,Footwear,Shoes,Sports Shoes,White,Summer,2012.0,Sports,Nike Men City Court VI White Sports Shoes
29725,Women,Accessories,Bags,Handbags,Green,Summer,2012.0,Casual,Kiara Women  Quilted Leatherette Green Handbag
58276,Women,Accessories,Bags,Handbags,Purple,Summer,2012.0,Casual,Baggit Women Purple Handbag
2704,Girls,Apparel,Dress,Dresses,White,Summer,2011.0,Casual,Disney Kids Girl's White Pooh Kidswear
6368,Men,Footwear,Shoes,Casual Shoes,Black,Summer,2011.0,Casual,Numero Uno Men's Black Shoe
18522,Men,Apparel,Topwear,Jackets,Black,Summer,2015.0,Casual,C Vox Men Solid 1349 Black Jacket
32544,Women,Personal Care,Fragrance,Perfume and Body Mist,Pink,Spring,2017.0,Casual,Playboy Women Play It Lovely Perfume
59293,Men,Accessories,Watches,Watches,White,Winter,2016.0,Formal,Titan Edge Men White Dial Watch
40129,Boys,Apparel,Topwear,Shirts,Navy Blue,Summer,2012.0,Casual,Gini and Jony BoysCore Navy Blue Shirt
48430,Men,Apparel,Topwear,Tshirts,White,Summer,2012.0,Casual,French Connection Men White Printed T-shirt
41698,Men,Apparel,Loungewear and Nightwear,Lounge Pants,Black,Summer,2012.0,Casual,DC Comics Men Black and Green Printed Pyjamas DCS12MTPJ47700
31141,Men,Apparel,Topwear,Shirts,Blue,Summer,2012.0,Formal,John Miller Men Striped Blue Shirt
22895,Men,Footwear,Sandal,Sandals,Khaki,Summer,2016.0,Casual,Woodland Men Khaki Casual Sandals
50974,Women,Apparel,Innerwear,Bra,Gold,Summer,2017.0,Casual,Enamor Golden Lift Bra
14714,Men,Apparel,Bottomwear,Trousers,Navy Blue,Fall,2011.0,Formal,Genesis Men Solid Navy Blue Trousers
20454,Women,Accessories,Belts,Belts,Teal,Winter,2015.0,Casual,Baggit Women Poppins Doko Teal Blue Belt
54490,Women,Accessories,Bags,Handbags,Beige,Summer,2010.0,Casual,Lino Perros Women Beige Handbag
4675,Men,Accessories,Bags,Backpacks,Black,Summer,2011.0,Sports,ADIDAS Men Adipure Black Blue Backpack
36701,Women,Personal Care,Fragrance,Perfume and Body Mist,Yellow,Spring,2017.0,Casual,Nina Ricci Women Air Temps Perfume
50172,Women,Footwear,Shoes,Flats,Green,Winter,2012.0,Casual,Rocia Women Multi- Coloured Shoes
51500,Women,Apparel,Bottomwear,Jeans,Black,Summer,2012.0,Casual,Denizen Women Black Jeans
